Unnamed: 0,sta_lon,sta_lat,ilon,ilat,mesh_lon,mesh_lat,dist
234562,121.7,39.08,220,423,121.713104,37.207423999999996,3.5067125905920085
234561,121.7,39.08,219,423,121.596985,37.207423999999996,3.5171529660010084
234563,121.7,39.08,221,423,121.829254,37.207423999999996,3.523247472292009
234560,121.7,39.08,218,423,121.480896,37.207423999999996,3.554547438592009
234561,121.63,38.9,219,423,121.596985,37.207423999999996,2.865903506001008
234562,121.63,38.9,220,423,121.713104,37.207423999999996,2.8717197905920093
234560,121.63,38.9,218,423,121.480896,37.207423999999996,2.8870455185920068
234563,121.63,38.9,221,423,121.829254,37.207423999999996,2.9045156722920127
234564,121.96,39.4,222,423,121.945435,37.207423999999996,4.807601655001011
234565,121.96,39.4,223,423,122.061646,37.207423999999996,4.817721425092011
234563,121.96,39.4,221,423,121.829254,37.207423999999996,4.824484032292008
234566,121.96,39.4,224,423,122.17788999999999,37.207423999999996,4.8548655678760095
234568,122.36,39.41,226,423,122.41046000000001,37.207423999999996,4.8538872473760035
234567,122.36,39.41,225,423,122.29416,37.207423999999996,4.855675941376002
234569,122.36,39.41,227,423,122.526794,37.207423999999996,4.8791612742120005
234566,122.36,39.41,224,423,122.17788999999999,37.207423999999996,4.884505087876005
234565,122.01,39.63,223,423,122.061646,37.207423999999996,5.871541785092031
234564,122.01,39.63,222,423,121.945435,37.207423999999996,5.873043115001032
234566,122.01,39.63,224,423,122.17788999999999,37.207423999999996,5.897061527876027
234563,122.01,39.63,221,423,121.829254,37.207423999999996,5.901543592292032
234558,121.23,38.81,216,423,121.24881,37.207423999999996,2.56860365187602
234557,121.23,38.81,215,423,121.13281,37.207423999999996,2.577695731876019
234559,121.23,38.81,217,423,121.36483999999999,37.207423999999996,2.586431661376015
234556,121.23,38.81,214,423,121.016846,37.207423999999996,2.613684463492021
234569,122.58,39.26,227,423,122.526794,37.207423999999996,4.215899114212009
234570,122.58,39.26,228,423,122.64313,37.207423999999996,4.217053632676008
234568,122.58,39.26,226,423,122.41046000000001,37.207423999999996,4.241812047376003
234571,122.58,39.26,229,423,122.75952,37.207423999999996,4.245295666176007
234573,122.95,39.71,231,423,122.99237,37.207423999999996,6.264681852676023
234572,122.95,39.71,230,423,122.87591599999999,37.207423999999996,6.268375074832026
234574,122.95,39.71,232,423,123.10882600000001,37.207423999999996,6.288112334052025
234571,122.95,39.71,229,423,122.75952,37.207423999999996,6.299169266176027
234575,123.28,40.28,233,423,123.22531000000001,37.207423999999996,9.443714271876031
234576,123.28,40.28,234,423,123.3418,37.207423999999996,9.444542515776032
234574,123.28,40.28,232,423,123.10882600000001,37.207423999999996,9.470023814052029
234577,123.28,40.28,235,423,123.45833999999999,37.207423999999996,9.472528431376029
234566,122.15,40.16,224,423,122.17788999999999,37.207423999999996,8.718482887876002
234565,122.15,40.16,223,423,122.061646,37.207423999999996,8.725511465092005
234567,122.15,40.16,225,423,122.29416,37.207423999999996,8.738487141376003
234564,122.15,40.16,222,423,121.945435,37.207423999999996,8.759551875001003
234567,122.35,40.41,225,423,122.29416,37.207423999999996,10.259611141376002
234568,122.35,40.41,226,423,122.41046000000001,37.207423999999996,10.260148447376006
234566,122.35,40.41,224,423,122.17788999999999,37.207423999999996,10.286114887876005
234569,122.35,40.41,227,423,122.526794,37.207423999999996,10.287749154212003
234569,122.48,40.61,227,423,122.526794,37.207423999999996,11.579713114212021
234568,122.48,40.61,226,423,122.41046000000001,37.207423999999996,11.58235924737602
234570,122.48,40.61,228,423,122.64313,37.207423999999996,11.60413483267602
234567,122.48,40.61,225,423,122.29416,37.207423999999996,11.612059941376023
234567,122.26,40.66,225,423,122.29416,37.207423999999996,11.921447941376003
234566,122.26,40.66,224,423,122.17788999999999,37.207423999999996,11.927023087876005
234568,122.26,40.66,226,423,122.41046000000001,37.207423999999996,11.942919247376006
234565,122.26,40.66,223,423,122.061646,37.207423999999996,11.959625345092007
234538,118.9,39.41,196,423,118.93576000000002,37.207423999999996,4.852619813376003
234537,118.9,39.41,195,423,118.820526,37.207423999999996,4.857657152452003
234539,118.9,39.41,197,423,119.051056,37.207423999999996,4.874158950912001
234536,118.9,39.41,194,423,118.70532,37.207423999999996,4.889241338176005
234536,118.66,39.5,194,423,118.70532,37.207423999999996,5.257958618176018
234535,118.66,39.5,193,423,118.59015,37.207423999999996,5.260783738276018
234537,118.66,39.5,195,423,118.820526,37.207423999999996,5.281673312452019
234534,118.66,39.5,192,423,118.47503999999999,37.207423999999996,5.29011491737602
234540,119.16,39.71,198,423,119.16638,37.207423999999996,6.262927340176024
234539,119.16,39.71,197,423,119.051056,37.207423999999996,6.274755430912022
234541,119.16,39.71,199,423,119.28173999999999,37.207423999999996,6.277707263376021
234538,119.16,39.71,196,423,118.93576000000002,37.207423999999996,6.313170213376015
234534,118.45,39.28,192,423,118.47503999999999,37.207423999999996,4.296198277376021
234533,118.45,39.28,191,423,118.35998500000001,37.207423999999996,4.30367397600102
234535,118.45,39.28,193,423,118.59015,37.207423999999996,4.315213298276019
234532,118.45,39.28,190,423,118.24493400000001,37.207423999999996,4.337623340132017
234536,118.75,39.73,194,423,118.70532,37.207423999999996,6.365385978176004
234537,118.75,39.73,195,423,118.820526,37.207423999999996,6.368363592452004
234535,118.75,39.73,193,423,118.59015,37.207423999999996,6.388941698276006
234538,118.75,39.73,196,423,118.93576000000002,37.207423999999996,6.39789645337601
234537,118.86,39.88,195,423,118.820526,37.207423999999996,7.144220672452035
234538,118.86,39.88,196,423,118.93576000000002,37.207423999999996,7.148402053376038
234536,118.86,39.88,194,423,118.70532,37.207423999999996,7.1665883781760344
234539,118.86,39.88,197,423,119.051056,37.207423999999996,7.179164870912036
234541,119.23,39.88,199,423,119.28173999999999,37.207423999999996,7.145339503376033
234540,119.23,39.88,198,423,119.16638,37.207423999999996,7.146709980176035
234542,119.23,39.88,200,423,119.39715600000001,37.207423999999996,7.170603604112037
234539,119.23,39.88,197,423,119.051056,37.207423999999996,7.174683430912036
234536,118.71,40.0,194,423,118.70532,37.207423999999996,7.798502618176022
234537,118.71,40.0,195,423,118.820526,37.207423999999996,7.810696712452024
234535,118.71,40.0,193,423,118.59015,37.207423999999996,7.812844738276022
234538,118.71,40.0,196,423,118.93576000000002,37.207423999999996,7.849448293376033
234544,119.6,39.93,202,423,119.62808000000001,37.207423999999996,7.413208562176021
234543,119.6,39.93,201,423,119.5126,37.207423999999996,7.420058835776018
234545,119.6,39.93,203,423,119.74359,37.207423999999996,7.433038163876021
234542,119.6,39.93,200,423,119.39715600000001,37.207423999999996,7.453565764112014
234533,118.41,38.45,191,423,118.35998500000001,37.207423999999996,1.5464966160010156
234534,118.41,38.45,192,423,118.47503999999999,37.207423999999996,1.5482253173760163
234532,118.41,38.45,190,423,118.24493400000001,37.207423999999996,1.5712419001320108
234535,118.41,38.45,193,423,118.59015,37.207423999999996,1.576449138276016
234531,118.11,39.55,189,423,118.129974,37.207423999999996,5.488061276452005
234530,118.11,39.55,188,423,118.015045,37.207423999999996,5.496678767801005
234532,118.11,39.55,190,423,118.24493400000001,37.207423999999996,5.50586950013201
234529,118.11,39.55,187,423,117.90015,37.207423999999996,5.531699338276007
234531,118.15,39.66,189,423,118.129974,37.207423999999996,6.015530076452003
234532,118.15,39.66,190,423,118.24493400000001,37.207423999999996,6.0241415001320044
234530,118.15,39.66,188,423,118.015045,37.207423999999996,6.033341887801004
234533,118.15,39.66,191,423,118.35998500000001,37.207423999999996,6.059222736001004
234528,117.81,39.35,186,423,117.78531000000001,37.207423999999996,4.591241511876023
234529,117.81,39.35,187,423,117.90015,37.207423999999996,4.598758938276022
234527,117.81,39.35,185,423,117.6705,37.207423999999996,4.610092165776023
234530,117.81,39.35,188,423,118.015045,37.207423999999996,4.632675367801022
234528,117.76,39.23,186,423,117.78531000000001,37.207423999999996,4.091454271876003
234527,117.76,39.23,185,423,117.6705,37.207423999999996,4.098823925776003
234529,117.76,39.23,187,423,117.90015,37.207423999999996,4.1104556982760005
234526,117.76,39.23,184,423,117.555756,37.207423999999996,4.132529287312004
234525,117.48,38.15,183,423,117.44103999999999,37.207423999999996,0.889967397376006
234526,117.48,38.15,184,423,117.555756,37.207423999999996,0.8941884873120045
234524,117.48,38.15,182,423,117.32638500000002,37.207423999999996,0.912047084001001
234527,117.48,38.15,185,423,117.6705,37.207423999999996,0.9247397657760048
234526,117.58,37.76,184,423,117.555756,37.207423999999996,0.305928007312002
234527,117.58,37.76,185,423,117.6705,37.207423999999996,0.31353048577600323
234525,117.58,37.76,183,423,117.44103999999999,37.207423999999996,0.32465011737600535
234528,117.58,37.76,186,423,117.78531000000001,37.207423999999996,0.34749243187600687
234526,117.5,38.83,184,423,117.555756,37.207423999999996,2.6358616073120076
234525,117.5,38.83,183,423,117.44103999999999,37.207423999999996,2.636229157376009
234527,117.5,38.83,185,423,117.6705,37.207423999999996,2.6618231257760088
234524,117.5,38.83,182,423,117.32638500000002,37.207423999999996,2.6628950440010017
234523,117.23,38.03,181,423,117.21179,37.207423999999996,0.6769628798760088
234524,117.23,38.03,182,423,117.32638500000002,37.207423999999996,0.6859213440010107
234522,117.23,38.03,180,423,117.09723000000001,37.207423999999996,0.6942591486760067
234525,117.23,38.03,183,423,117.44103999999999,37.207423999999996,0.7211691573760011
234524,117.38,37.76,182,423,117.32638500000002,37.207423999999996,0.30821480400099993
234525,117.38,37.76,183,423,117.44103999999999,37.207423999999996,0.3090661173760011
234523,117.38,37.76,181,423,117.21179,37.207423999999996,0.33363483987600284
234526,117.38,37.76,184,423,117.555756,37.207423999999996,0.3362304073120046
234531,118.11,37.68,189,423,118.129974,37.207423999999996,0.22372703645200367
234530,118.11,37.68,188,423,118.015045,37.207423999999996,0.23234452780100323
234532,118.11,37.68,190,423,118.24493400000001,37.207423999999996,0.24153526013200763
234529,118.11,37.68,187,423,117.90015,37.207423999999996,0.26736509827600474
234526,117.56,37.65,184,423,117.555756,37.207423999999996,0.19589152731200224
234527,117.56,37.65,185,423,117.6705,37.207423999999996,0.20808376577600263
234525,117.56,37.65,183,423,117.44103999999999,37.207423999999996,0.2100249973760059
234528,117.56,37.65,186,423,117.78531000000001,37.207423999999996,0.2466381118760056
234527,117.71,39.0,185,423,117.6705,37.207423999999996,3.2148889657760136
234528,117.71,39.0,186,423,117.78531000000001,37.207423999999996,3.2190003118760164
234526,117.71,39.0,184,423,117.555756,37.207423999999996,3.2371199273120115
234529,117.71,39.0,187,423,117.90015,37.207423999999996,3.2494857382760154
234522,117.08,38.05,180,423,117.09723000000001,37.207423999999996,0.7102311886760023
234521,117.08,38.05,179,423,116.98273,37.207423999999996,0.7193957686760009
234523,117.08,38.05,181,423,117.21179,37.207423999999996,0.7273029198760006
234520,117.08,38.05,178,423,116.868256,37.207423999999996,0.7547698373120001
210185,121.6,32.06,219,379,121.596985,32.084213,0.0005953595939997521
209631,121.6,32.06,219,378,121.596985,31.964378000000004,0.009152657108999707
210186,121.6,32.06,220,379,121.713104,32.084213,0.013378784185001387
210184,121.6,32.06,218,379,121.480896,32.084213,0.01477203218499814
209074,121.2,31.9,216,377,121.24881,31.844418,0.005471774824000036
209628,121.2,31.9,216,378,121.24881,31.964378000000004,0.006526942984000941
209073,121.2,31.9,215,377,121.13281,31.844418,0.007603854823999265
209627,121.2,31.9,215,378,121.13281,31.964378000000004,0.008659022984000168
210181,121.08,32.1,215,379,121.13281,32.084213,0.003038125469000945
210180,121.08,32.1,214,379,121.016846,32.084213,0.004237657084999753
210735,121.08,32.1,215,380,121.13281,32.203920000000004,0.013588262500001311
210734,121.08,32.1,214,380,121.016846,32.203920000000004,0.01478779411600012
209078,121.66,31.8,220,377,121.713104,31.844418,0.004792993540000525
209077,121.66,31.8,219,377,121.596985,31.844418,0.005943848948999136
208524,121.66,31.8,220,376,121.713104,31.724346,0.008543562532000516
208523,121.66,31.8,219,376,121.596985,31.724346,0.009694417940999126
211289,121.18,32.33,215,381,121.13281,32.32349,0.002269276200000031
211290,121.18,32.33,216,381,121.24881,32.32349,0.004777196199999866
211843,121.18,32.33,215,382,121.13281,32.44294,0.014982339700000458
211844,121.18,32.33,216,382,121.24881,32.44294,0.017490259700000295
207968,121.45,31.61,218,375,121.480896,31.604134000000002,0.0009889727719998766
207967,121.45,31.61,217,375,121.36483999999999,31.604134000000002,0.007286635556002714
208522,121.45,31.61,218,376,121.480896,31.724346,0.014029570532000173
207414,121.45,31.61,218,374,121.480896,31.48381,0.01687847891600019
209625,120.85,32.01,213,378,120.90093999999999,31.964378000000004,0.0046762504839992025
209624,120.85,32.01,212,378,120.78503400000001,31.964378000000004,0.006301948039997431
210179,120.85,32.01,213,379,120.90093999999999,32.084213,0.00810245296899975
210178,120.85,32.01,212,379,120.78503400000001,32.084213,0.009728150524997977
206860,121.48,31.4,218,373,121.480896,31.363369,0.0013426329769999849
207414,121.48,31.4,218,374,121.480896,31.48381,0.007024918915999948
206859,121.48,31.4,217,373,121.36483999999999,31.363369,0.014603655761003963
206861,121.48,31.4,219,373,121.596985,31.363369,0.015027320385999913
207411,121.1,31.46,215,374,121.13281,31.48381,0.0016434122000006652
207410,121.1,31.46,214,374,121.016846,31.48381,0.007481503815998762
206857,121.1,31.46,215,373,121.13281,31.363369,0.0104140462610012
206856,121.1,31.46,214,373,121.016846,31.363369,0.016252137876999296
206858,121.25,31.38,216,373,121.24881,31.363369,0.00027800626099999524
207412,121.25,31.38,216,374,121.24881,31.48381,0.01077793219999984
206859,121.25,31.38,217,373,121.36483999999999,31.363369,0.013464815760996961
206857,121.25,31.38,215,373,121.13281,31.363369,0.01401008626099853
217929,120.25,33.76,207,393,120.206116,33.747772,0.0020753294400004986
217930,120.25,33.76,208,393,120.32181000000001,33.747772,0.005306200084001944
218483,120.25,33.76,207,394,120.206116,33.865520000000004,0.013060275856001674
218484,120.25,33.76,208,394,120.32181000000001,33.865520000000004,0.016291146500003118
216267,120.15,33.38,207,390,120.206116,33.39362,0.0033345098559986255
216266,120.15,33.38,206,390,120.09042,33.39362,0.0037352808000012095
215713,120.15,33.38,207,389,120.206116,33.27527,0.014117378355999476
215712,120.15,33.38,206,389,120.09042,33.27527,0.01451814930000206
215161,120.48,33.2,209,388,120.43756,33.156776,0.003669467776000113
215162,120.48,33.2,210,388,120.553345,33.156776,0.007247803200998589
215715,120.48,33.2,209,389,120.43756,33.27527,0.007466726499999351
215716,120.48,33.2,210,389,120.553345,33.27527,0.011045061924997827
217925,119.8,33.8,203,393,119.74359,33.747772,0.005909852083999905
217926,119.8,33.8,204,393,119.85918999999998,33.747772,0.0062312200839983786
218479,119.8,33.8,203,394,119.74359,33.865520000000004,0.007474958500000805
218480,119.8,33.8,204,394,119.85918999999998,33.865520000000004,0.007796326499999278
219034,119.81,34.03,204,395,119.85918999999998,33.983124,0.004617015475998623
219033,119.81,34.03,203,395,119.74359,33.983124,0.006607647476001059
219588,119.81,34.03,204,396,119.85918999999998,34.10058,0.007401192499998143
219587,119.81,34.03,203,396,119.74359,34.10058,0.00939182450000058
216818,119.81,33.48,204,391,119.85918999999998,33.511814,0.0034317866959984625
216817,119.81,33.48,203,391,119.74359,33.511814,0.005422418696000899
216264,119.81,33.48,204,390,119.85918999999998,33.39362,0.009881160499997908
216263,119.81,33.48,203,390,119.74359,33.39362,0.011871792500000346
214052,120.31,32.86,208,386,120.32181000000001,32.919384,0.003665935556000435
213498,120.31,32.86,208,385,120.32181000000001,32.80048,0.0036821065000001607
214051,120.31,32.86,207,386,120.206116,32.919384,0.014318344912001804
213497,120.31,32.86,207,385,120.206116,32.80048,0.01433451585600153
220140,119.6,34.21,202,397,119.62808000000001,34.21787,0.0008504233000009054
220139,119.6,34.21,201,397,119.5126,34.21787,0.007700696899997881
219586,119.6,34.21,202,396,119.62808000000001,34.10058,0.012761222800000969
220694,119.6,34.21,202,398,119.62808000000001,34.33501,0.016415986499999972
214048,119.83,32.93,204,386,119.85918999999998,32.919384,0.0009647555559991359
214047,119.83,32.93,203,386,119.74359,32.919384,0.007579387556000108
214602,119.83,32.93,204,387,119.85918999999998,33.038154999999996,0.012549560124998391
213494,119.83,32.93,204,385,119.85918999999998,32.80048,0.017627486499999005
222908,119.43,34.78,200,402,119.39715600000001,34.801952,0.0015606186399997667
222909,119.43,34.78,201,402,119.5126,34.801952,0.007304650303999841
222354,119.43,34.78,200,401,119.39715600000001,34.685455,0.010017485361000507
222355,119.43,34.78,201,401,119.5126,34.685455,0.01576151702500058
221798,119.16,34.58,198,400,119.16638,34.5688,0.00016614439999998413
222352,119.16,34.58,198,401,119.16638,34.685455,0.01116146142499992
221797,119.16,34.58,197,400,119.051056,34.5688,0.011994235135998572
221799,119.16,34.58,199,400,119.28173999999999,34.5688,0.014946067599997072
222906,119.11,34.83,198,402,119.16638,34.801952,0.0039653947040003915
222905,119.11,34.83,197,402,119.051056,34.801952,0.004261085439999524
223460,119.11,34.83,198,403,119.16638,34.918279999999996,0.01097206280000004
223459,119.11,34.83,197,403,119.051056,34.918279999999996,0.011267753535999174
220691,119.23,34.3,199,398,119.28173999999999,34.33501,0.0039027276999980196
220690,119.23,34.3,198,398,119.16638,34.33501,0.005273204500000013
220137,119.23,34.3,199,397,119.28173999999999,34.21787,0.009422364499997933
220136,119.23,34.3,198,397,119.16638,34.21787,0.010792841299999925
219584,119.35,34.1,200,396,119.39715600000001,34.10058,0.002224024736001442
219583,119.35,34.1,199,396,119.28173999999999,34.10058,0.004659764000001271
219030,119.35,34.1,200,395,119.39715600000001,33.983124,0.01588368771200258
220138,119.35,34.1,200,397,119.39715600000001,34.21787,0.016117025236000587
225679,119.53,35.38,201,407,119.5126,35.381896999999995,0.0003063586089997966
225680,119.53,35.38,202,407,119.62808000000001,35.381896999999995,0.009623285009001963
225125,119.53,35.38,201,406,119.5126,35.266242999999996,0.013243415049001365
226233,119.53,35.38,201,408,119.5126,35.497375,0.014079650624998784
221240,118.73,34.51,194,399,118.70532,34.451984,0.003974958655999592
221794,118.73,34.51,194,400,118.70532,34.5688,0.004066542400000773
221241,118.73,34.51,195,399,118.820526,34.451984,0.01156081293199887
221795,118.73,34.51,195,400,118.820526,34.5688,0.011652396676000052
223456,118.65,34.93,194,403,118.70532,34.918279999999996,0.003197660799999507
223455,118.65,34.93,193,403,118.59015,34.918279999999996,0.00371938090000147
224010,118.65,34.93,194,404,118.70532,35.034447,0.013969478208999499
224009,118.65,34.93,193,404,118.59015,35.034447,0.014491198309001462
203533,121.08,30.61,215,367,121.13281,30.638302000000003,0.0035898993040010506
203532,121.08,30.61,214,367,121.016846,30.638302000000003,0.004789430919999858
202979,121.08,30.61,215,366,121.13281,30.517075,0.01142395172500104
202978,121.08,30.61,214,366,121.016846,30.517075,0.012623483340999848
202977,120.93,30.51,213,366,120.90093999999999,30.517075,0.0008945392250008507
202978,120.93,30.51,214,366,121.016846,30.517075,0.007592283340998949
202423,120.93,30.51,213,365,120.90093999999999,30.395721,0.01390417344100085
203531,120.93,30.51,213,367,120.90093999999999,30.638302000000003,0.017305886804001275
204641,121.16,30.9,215,369,121.13281,30.880440000000004,0.0011218896999992724
204642,121.16,30.9,216,369,121.24881,30.880440000000004,0.008269809700001466
205195,121.16,30.9,215,370,121.13281,31.001343,0.011009699748999463
205196,121.16,30.9,216,370,121.24881,31.001343,0.01815761974900166
204639,120.9,30.85,213,369,120.90093999999999,30.880440000000004,0.0009274772000001097
204085,120.9,30.85,213,368,120.90093999999999,30.759421999999997,0.008205257684000745
204638,120.9,30.85,212,369,120.78503400000001,30.880440000000004,0.014143774755999093
204640,120.9,30.85,214,369,121.016846,30.880440000000004,0.014579581315999048
204084,120.73,30.78,212,368,120.78503400000001,30.759421999999997,0.003452195240000851
204083,120.73,30.78,211,368,120.66918999999999,30.759421999999997,0.0041213101840023286
204638,120.73,30.78,212,369,120.78503400000001,30.880440000000004,0.013116934756001196
204637,120.73,30.78,211,369,120.66918999999999,30.880440000000004,0.013786049700002672
205196,121.25,31.0,216,370,121.24881,31.001343,3.2197489999818673e-06
205197,121.25,31.0,217,370,121.36483999999999,31.001343,0.013190029248996949
205195,121.25,31.0,215,370,121.13281,31.001343,0.013735299748998517
204642,121.25,31.0,216,369,121.24881,30.880440000000004,0.014296009699999111
202975,120.68,30.51,211,366,120.66918999999999,30.517075,0.00016691172500040135
202976,120.68,30.51,212,366,120.78503400000001,30.517075,0.01108219678100067
202421,120.68,30.51,211,365,120.66918999999999,30.395721,0.013176545941000399
202974,120.68,30.51,210,366,120.553345,30.517075,0.016091544650003432
201318,121.26,30.2,216,363,121.24881,30.152737,0.0023590072690000703
201872,121.26,30.2,216,364,121.24881,30.274279999999997,0.005642734499999702
201319,121.26,30.2,217,363,121.36483999999999,30.152737,0.013225216768996234
201873,121.26,30.2,217,364,121.36483999999999,30.274279999999997,0.01650894399999587
204644,121.45,30.93,218,369,121.480896,30.880440000000004,0.003410756415999515
205198,121.45,30.93,218,370,121.480896,31.001343,0.006044386464999739
204643,121.45,30.93,217,369,121.36483999999999,30.880440000000004,0.009708419200002353
205197,121.45,30.93,217,370,121.36483999999999,31.001343,0.012342049249002576
200763,121.15,30.06,215,362,121.13281,30.031094,0.0011310529359999327
201317,121.15,30.06,215,363,121.13281,30.152737,0.008895647268999909
200764,121.15,30.06,216,362,121.24881,30.031094,0.010598972936000012
201318,121.15,30.06,216,363,121.24881,30.152737,0.018363567268999986
182467,119.5,25.96,201,329,119.5126,25.969276,0.00024480417600015233
182466,119.5,25.96,200,329,119.39715600000001,25.969276,0.010662932511998019
181913,119.5,25.96,201,328,119.5126,25.84504,0.013374561600000143
182468,119.5,25.96,202,329,119.62808000000001,25.969276,0.01649053057600289
183019,119.33,26.08,199,330,119.28173999999999,26.09346,0.0025101992000013374
183020,119.33,26.08,200,330,119.39715600000001,26.09346,0.004691099936001575
182465,119.33,26.08,199,329,119.28173999999999,25.969276,0.014588831776000753
182466,119.33,26.08,200,329,119.39715600000001,25.969276,0.01676973251200099
181358,119.38,25.71,200,327,119.39715600000001,25.720757,0.00041004138500044557
181357,119.38,25.71,199,327,119.28173999999999,25.720757,0.009770740649002014
180804,119.38,25.71,200,326,119.39715600000001,25.596413000000002,0.013196334905000258
181359,119.38,25.71,201,327,119.5126,25.720757,0.0176984730490028
183019,119.28,26.08,199,330,119.28173999999999,26.09346,0.0001841991999999984
182465,119.28,26.08,199,329,119.28173999999999,25.969276,0.012262831775999412
183018,119.28,26.08,198,330,119.16638,26.09346,0.013090675999999461
183020,119.28,26.08,200,330,119.39715600000001,26.09346,0.01390669993600204
183575,119.53,26.2,201,331,119.5126,26.217594000000002,0.0006123088359999149
183576,119.53,26.2,202,331,119.62808000000001,26.217594000000002,0.009929235236002082
183021,119.53,26.2,201,330,119.5126,26.09346,0.011653531599999606
183574,119.53,26.2,200,331,119.39715600000001,26.217594000000002,0.017957077171997838
183018,119.15,26.15,198,330,119.16638,26.09346,0.0034650759999997395
183572,119.15,26.15,198,331,119.16638,26.217594000000002,0.004837253236000378
183017,119.15,26.15,197,330,119.051056,26.09346,0.012986686736000402
183571,119.15,26.15,197,331,119.051056,26.217594000000002,0.014358863972001042
180253,119.78,25.51,203,325,119.74359,25.472038,0.0027668015440002833
180254,119.78,25.51,204,325,119.85918999999998,25.472038,0.007712169543997292
180807,119.78,25.51,203,326,119.74359,25.596413000000002,0.008792894669000312
180808,119.78,25.51,204,326,119.85918999999998,25.596413000000002,0.013738262668997322
181908,118.93,25.86,196,328,118.93576000000002,25.84504,0.00025697920000006334
182462,118.93,25.86,196,329,118.93576000000002,25.969276,0.011974421776000383
181907,118.93,25.86,195,328,118.820526,25.84504,0.012208358276001237
181909,118.93,25.86,197,328,119.051056,25.84504,0.014878356735998948
184683,119.53,26.5,201,333,119.5126,26.465671999999998,0.0014811715839999715
185237,119.53,26.5,201,334,119.5126,26.589626000000003,0.008335579876000301
184684,119.53,26.5,202,333,119.62808000000001,26.465671999999998,0.010798097984002138
185238,119.53,26.5,202,334,119.62808000000001,26.589626000000003,0.01765250627600247
180247,119.0,25.43,197,325,119.051056,25.472038,0.004373908580000404
180246,119.0,25.43,196,325,118.93576000000002,25.472038,0.005893971043998059
179693,119.0,25.43,197,324,119.051056,25.347603,0.009395980745000317
179692,119.0,25.43,196,324,118.93576000000002,25.347603,0.010916043208997972
232880,119.4,36.86,200,420,119.39715600000001,36.868862,8.662337999998814e-05
232326,119.4,36.86,200,419,119.39715600000001,36.755615,0.010904316561000106
232881,119.4,36.86,201,420,119.5126,36.868862,0.01275729504400012
232879,119.4,36.86,199,420,119.28173999999999,36.868862,0.014063962644004903
232324,119.18,36.76,198,419,119.16638,36.755615,0.00020473262500007668
232325,119.18,36.76,199,419,119.28173999999999,36.755615,0.010370255824995553
232878,119.18,36.76,198,420,119.16638,36.868862,0.012036439444000522
231770,119.18,36.76,198,418,119.16638,36.64217,0.014069413299999584
232874,118.71,36.88,194,420,118.70532,36.868862,0.0001459574439999943
233428,118.71,36.88,194,421,118.70532,36.98192,0.010409588799999895
232875,118.71,36.88,195,420,118.820526,36.868862,0.012340051720001655
232873,118.71,36.88,193,420,118.59015,36.868862,0.014488077543999953
234536,118.66,37.43,194,423,118.70532,37.207423999999996,0.05159397817600197
234535,118.66,37.43,193,423,118.59015,37.207423999999996,0.05441909827600196
234537,118.66,37.43,195,423,118.820526,37.207423999999996,0.07530867245200304
234534,118.66,37.43,192,423,118.47503999999999,37.207423999999996,0.08375027737600302
232321,118.83,36.7,195,419,118.820526,36.755615,0.0031827849009995013
231767,118.83,36.7,195,418,118.820526,36.64217,0.0034340655760002627
232322,118.83,36.7,196,419,118.93576000000002,36.755615,0.014278205825003325
231768,118.83,36.7,196,418,118.93576000000002,36.64217,0.014529486500004088
234547,119.93,37.18,205,423,119.97478999999998,37.207423999999996,0.0027582198759978
234546,119.93,37.18,204,423,119.85918999999998,37.207423999999996,0.005766131876003044
233993,119.93,37.18,205,422,119.97478999999998,37.094776,0.009269274275997427
233992,119.93,37.18,204,422,119.85918999999998,37.094776,0.012277186276002671
230662,119.18,36.41,198,416,119.16638,36.414707,0.00020766024900011526
230663,119.18,36.41,199,416,119.28173999999999,36.414707,0.010373183448995592
230108,119.18,36.41,198,415,119.16638,36.30068,0.012136366799999373
231216,119.18,36.41,198,417,119.16638,36.528529999999996,0.014234865300000036
234534,118.53,37.6,192,423,118.47503999999999,37.207423999999996,0.15713651737600515
234535,118.53,37.6,193,423,118.59015,37.207423999999996,0.15773393827600338
234533,118.53,37.6,191,423,118.35998500000001,37.207423999999996,0.1830210160010016
234536,118.53,37.6,194,423,118.70532,37.207423999999996,0.18485301817600397
232331,119.93,36.76,205,419,119.97478999999998,36.755615,0.002025372324997994
232330,119.93,36.76,204,419,119.85918999999998,36.755615,0.005033284325003238
232885,119.93,36.76,205,420,119.97478999999998,36.868862,0.01385707914399844
231777,119.93,36.76,205,418,119.97478999999998,36.64217,0.015890052999997503
233979,118.35,37.05,191,422,118.35998500000001,37.094776,0.002104590401000821
233425,118.35,37.05,191,421,118.35998500000001,36.98192,0.004734586624999585
233978,118.35,37.05,190,422,118.24493400000001,37.094776,0.013043754531996214
233424,118.35,37.05,190,421,118.24493400000001,36.98192,0.015673750755994975
234565,122.06,40.98,223,423,122.061646,37.207423999999996,14.232332385092006
234564,122.06,40.98,222,423,121.945435,37.207423999999996,14.245454815001006
234566,122.06,40.98,224,423,122.17788999999999,37.207423999999996,14.246227727876002
234563,122.06,40.98,221,423,121.829254,37.207423999999996,14.285573392292005
234571,122.71,40.88,229,423,122.75952,37.207423999999996,13.490266706176048
234570,122.71,40.88,228,423,122.64313,37.207423999999996,13.492286072676047
234572,122.71,40.88,230,423,122.87591599999999,37.207423999999996,13.515342594832047
234569,122.71,40.88,227,423,122.526794,37.207423999999996,13.521378914212047
234565,122.01,41.18,223,423,122.061646,37.207423999999996,15.784027385092028
234564,122.01,41.18,222,423,121.945435,37.207423999999996,15.785528715001028
234566,122.01,41.18,224,423,122.17788999999999,37.207423999999996,15.809547127876023
234563,122.01,41.18,221,423,121.829254,37.207423999999996,15.814029192292027
229010,120.33,36.06,208,413,120.32181000000001,36.07208,0.00021300249999968917
228456,120.33,36.06,208,412,120.32181000000001,35.9575,0.010573326099999576
229011,120.33,36.06,209,413,120.43756,36.07208,0.011715080000001344
229009,120.33,36.06,207,413,120.206116,36.07208,0.015493171856000899
229565,120.41,36.16,209,414,120.43756,36.186478,0.0014606380840006896
229564,120.41,36.16,208,414,120.32181000000001,36.186478,0.008478560583997258
229011,120.41,36.16,209,413,120.43756,36.07208,0.008489479999999907
229010,120.41,36.16,208,413,120.32181000000001,36.07208,0.015507402499996475
230673,120.46,36.38,209,416,120.43756,36.414707,0.0017081294489993204
230119,120.46,36.38,209,415,120.43756,36.30068,0.006795215999999935
230674,120.46,36.38,210,416,120.553345,36.414707,0.009917864873999696
230120,120.46,36.38,210,415,120.553345,36.30068,0.01500495142500031
230115,120.0,36.26,205,415,119.97478999999998,36.30068,0.0022904065000009296
229561,120.0,36.26,205,414,119.97478999999998,36.186478,0.006041028584000337
230116,120.0,36.26,206,415,120.09042,36.30068,0.009830638799999174
229562,120.0,36.26,206,414,120.09042,36.186478,0.013581260883998582
227899,120.0,35.88,205,411,119.97478999999998,35.84274,0.0020238517000010347
228453,120.0,35.88,205,412,119.97478999999998,35.9575,0.006641794100000869
227900,120.0,35.88,206,411,120.09042,35.84274,0.009564083999999279
228454,120.0,35.88,206,412,120.09042,35.9575,0.014182026399999114
231777,119.98,36.68,205,418,119.97478999999998,36.64217,0.0014582530000001716
232331,119.98,36.68,205,419,119.97478999999998,36.755615,0.005744772325000067
231778,119.98,36.68,206,418,120.09042,36.64217,0.013623685299997901
231776,119.98,36.68,204,418,119.85918999999998,36.64217,0.016026165000004818
234559,121.4,37.53,217,423,121.36483999999999,37.207423999999996,0.10529150137600461
234560,121.4,37.53,218,423,121.480896,37.207423999999996,0.11059943859200257
234558,121.4,37.53,216,423,121.24881,37.207423999999996,0.12691369187600318
234561,121.4,37.53,219,423,121.596985,37.207423999999996,0.1428583660010025
234558,121.25,37.5,216,423,121.24881,37.207423999999996,0.0856021318760023
234559,121.25,37.5,217,423,121.36483999999999,37.207423999999996,0.09878894137599926
234557,121.25,37.5,215,423,121.13281,37.207423999999996,0.09933421187600083
234560,121.25,37.5,218,423,121.480896,37.207423999999996,0.13891367859200293
234561,121.58,37.38,219,423,121.596985,37.207423999999996,0.030070966001002425
234560,121.58,37.38,218,423,121.480896,37.207423999999996,0.03960407859200164
234562,121.58,37.38,220,423,121.713104,37.207423999999996,0.04749915059200304
234559,121.58,37.38,217,423,121.36483999999999,37.207423999999996,0.07607630137600721
234554,120.81,37.3,212,423,120.78503400000001,37.207423999999996,0.009193616931999807
234555,120.81,37.3,213,423,120.90093999999999,37.207423999999996,0.016840399375998228
234553,120.81,37.3,211,423,120.66918999999999,37.207423999999996,0.028397771876004736
234000,120.81,37.3,212,422,120.78503400000001,37.094776,0.04274019133199717
232898,121.48,36.9,218,420,121.480896,36.868862,0.0009703778599999053
233452,121.48,36.9,218,421,121.480896,36.98192,0.006711689216000612
232897,121.48,36.9,217,420,121.36483999999999,36.868862,0.014231400644003883
232899,121.48,36.9,219,420,121.596985,36.868862,0.014655065268999833
234554,120.76,37.8,212,423,120.78503400000001,37.207423999999996,0.3517730169320016
234553,120.76,37.8,211,423,120.66918999999999,37.207423999999996,0.35939277187600477
234555,120.76,37.8,213,423,120.90093999999999,37.207423999999996,0.37101039937599745
234552,120.76,37.8,210,423,120.553345,37.207423999999996,0.39385260480100626
234565,122.03,37.18,223,423,122.061646,37.207423999999996,0.00175354509199948
234564,122.03,37.18,222,423,121.945435,37.207423999999996,0.007903315000999424
234011,122.03,37.18,223,422,122.061646,37.094776,0.008264599491999107
234010,122.03,37.18,222,422,121.945435,37.094776,0.014414369400999051
234566,122.13,37.46,224,423,122.17788999999999,37.207423999999996,0.06608808787600197
234565,122.13,37.46,223,423,122.061646,37.207423999999996,0.06846690509200233
234567,122.13,37.46,225,423,122.29416,37.207423999999996,0.09074314137600559
234564,122.13,37.46,222,423,121.945435,37.207423999999996,0.09785887500099949
205200,121.76,31.05,220,370,121.713104,31.001343,0.00456673846500057
205201,121.76,31.05,221,370,121.829254,31.001343,0.007163620165000324
205754,121.76,31.05,220,371,121.713104,31.122139,0.007403270137000352
205755,121.76,31.05,221,371,121.829254,31.122139,0.010000151837000107
205752,121.43,31.16,218,371,121.480896,31.122139,0.0040238581369994005
205751,121.43,31.16,217,371,121.36483999999999,31.122139,0.005679280921002578
206306,121.43,31.16,218,372,121.480896,31.24281,0.009447898915999191
206305,121.43,31.16,217,372,121.36483999999999,31.24281,0.011103321700002368
205751,121.38,31.11,217,371,121.36483999999999,31.122139,0.00037718092100029433
205752,121.38,31.11,218,371,121.480896,31.122139,0.010327358137001214
205197,121.38,31.11,217,370,121.36483999999999,31.001343,0.012036169249000458
205750,121.38,31.11,216,371,121.24881,31.122139,0.01735817142099727
204098,122.45,30.73,226,368,122.41046000000001,30.759421999999997,0.00242906568399887
204099,122.45,30.73,227,368,122.526794,30.759421999999997,0.0067629725199986526
203544,122.45,30.73,226,367,122.41046000000001,30.638302000000003,0.009971934803998583
203545,122.45,30.73,227,367,122.526794,30.638302000000003,0.014305841639998366
201880,122.18,30.25,224,364,122.17788999999999,30.274279999999997,0.0005939704999999423
201326,122.18,30.25,224,363,122.17788999999999,30.152737,0.009464543269000389
201881,122.18,30.25,225,364,122.29416,30.274279999999997,0.013622023999999478
201879,122.18,30.25,223,364,122.061646,30.274279999999997,0.014597187716002413
211284,120.56,32.38,210,381,120.553345,32.32349,0.003237669125000455
211838,120.56,32.38,210,382,120.553345,32.44294,0.004005732624999814
211285,120.56,32.38,211,381,120.66918999999999,32.32349,0.01511583619999682
211839,120.56,32.38,211,382,120.66918999999999,32.44294,0.01588389969999618
212391,120.45,32.53,209,383,120.43756,32.562252,0.0011949451039999328
211837,120.45,32.53,209,382,120.43756,32.44294,0.007734197200000129
212392,120.45,32.53,210,383,120.553345,32.562252,0.011720380528997966
212390,120.45,32.53,208,383,120.32181000000001,32.562252,0.017472867603997258
209068,120.55,31.86,210,377,120.553345,31.844418,0.0002539877489999239
209622,120.55,31.86,210,378,120.553345,31.964378000000004,0.010905955909000824
209067,120.55,31.86,209,377,120.43756,31.844418,0.012885552323998224
209069,120.55,31.86,211,377,120.66918999999999,31.844418,0.014449054823997335
212389,120.15,32.51,207,383,120.206116,32.562252,0.005879276959999033
212388,120.15,32.51,206,383,120.09042,32.562252,0.006280047904001617
211835,120.15,32.51,207,382,120.206116,32.44294,0.0076460490559984535
211834,120.15,32.51,206,382,120.09042,32.44294,0.008046820000001037
200771,122.1,30.03,223,362,122.061646,30.031094,0.00147222615199986
200772,122.1,30.03,224,362,122.17788999999999,30.031094,0.006068048935999446
200217,122.1,30.03,223,361,122.061646,29.909351,0.01602721051699992
201325,122.1,30.03,223,363,122.061646,30.152737,0.01653540048499918
200219,122.3,29.95,225,361,122.29416,29.909351,0.0016864468009997757
200773,122.3,29.95,225,362,122.29416,30.031094,0.006610342435999944
200220,122.3,29.95,226,361,122.41046000000001,29.909351,0.013853752801003743
200218,122.3,29.95,224,361,122.17788999999999,29.909351,0.016563193301001426
200214,121.75,29.96,220,361,121.713104,29.909351,0.003926636016999899
200768,121.75,29.96,220,362,121.713104,30.031094,0.006415671651999714
200215,121.75,29.96,221,361,121.829254,29.909351,0.008846517717000934
200769,121.75,29.96,221,362,121.829254,30.031094,0.01133555335200075
200213,121.56,29.86,219,361,121.596985,29.909351,0.0038034114260002477
199659,121.56,29.86,219,360,121.596985,29.787495,0.006624865250000044
200212,121.56,29.86,218,361,121.480896,29.909351,0.008692964017000296
199658,121.56,29.86,218,360,121.480896,29.787495,0.011514417841000091
190791,121.15,27.83,215,344,121.13281,27.825706,0.0003139345359999614
190792,121.15,27.83,216,344,121.24881,27.825706,0.00978185453600004
191345,121.15,27.83,215,345,121.13281,27.948944,0.014443171236000597
190237,121.15,27.83,215,343,121.13281,27.702408000000002,0.016575214563999054
191900,121.26,28.08,216,346,121.24881,28.072079,0.0001879583409999749
191901,121.26,28.08,217,346,121.36483999999999,28.072079,0.01105416784099614
192454,121.26,28.08,216,347,121.24881,28.195159999999998,0.013387041699999862
191899,121.26,28.08,215,346,121.13281,28.072079,0.016240038340999692
191898,120.96,28.11,214,346,121.016846,28.072079,0.0046694699570008855
191897,120.96,28.11,213,346,120.90093999999999,28.072079,0.004926085841000333
192452,120.96,28.11,214,347,121.016846,28.195159999999998,0.010483693316000546
192451,120.96,28.11,213,347,120.90093999999999,28.195159999999998,0.010740309199999994
193009,121.36,28.36,217,348,121.36483999999999,28.31815,0.0017748480999998908
193563,121.36,28.36,217,349,121.36483999999999,28.441074,0.006596419076000035
193008,121.36,28.36,216,348,121.24881,28.31815,0.01411463859999856
193010,121.36,28.36,218,348,121.480896,28.31815,0.01636726531600047
191341,120.66,28.0,211,345,120.66918999999999,27.948944,0.002691171235999717
191895,120.66,28.0,211,346,120.66918999999999,28.072079,0.005279838340999618
191340,120.66,28.0,210,345,120.553345,27.948944,0.013982004161000655
191894,120.66,28.0,210,346,120.553345,28.072079,0.016570671266000557
192449,120.68,28.15,211,347,120.66918999999999,28.195159999999998,0.002156281700000374
191895,120.68,28.15,211,346,120.66918999999999,28.072079,0.006188538341000432
192450,120.68,28.15,212,347,120.78503400000001,28.195159999999998,0.013071566756000642
191896,120.68,28.15,212,346,120.78503400000001,28.072079,0.0171038233970007
190786,120.61,27.78,210,344,120.553345,27.825706,0.0052988274610006394
190787,120.61,27.78,211,344,120.66918999999999,27.825706,0.005592494535998353
190232,120.61,27.78,210,343,120.553345,27.702408000000002,0.009230307489000597
190233,120.61,27.78,211,343,120.66918999999999,27.702408000000002,0.009523974563998311
190232,120.56,27.68,210,343,120.553345,27.702408000000002,0.0005464074890002209
189678,120.56,27.68,210,342,120.553345,27.579040000000003,0.010237210624999528
190233,120.56,27.68,211,343,120.66918999999999,27.702408000000002,0.012424574563996585
190231,120.56,27.68,209,343,120.43756,27.702408000000002,0.01549367206399947
177473,118.56,24.81,193,320,118.59015,24.849434,0.0024640628559995095
176919,118.56,24.81,193,319,118.59015,24.724792,0.008169425763999162
177472,118.56,24.81,192,320,118.47503999999999,24.849434,0.008773241956001607
176918,118.56,24.81,192,319,118.47503999999999,24.724792,0.01447860486400126
177476,118.91,24.9,196,320,118.93576000000002,24.849434,0.003220497956000996
178030,118.91,24.9,196,321,118.93576000000002,24.974037,0.006145054969001092
177475,118.91,24.9,195,320,118.820526,24.849434,0.010562517031999204
178029,118.91,24.9,195,321,118.820526,24.974037,0.013487074044999301
178025,118.36,24.96,191,321,118.35998500000001,24.974037,0.000197037593999952
177471,118.36,24.96,191,320,118.35998500000001,24.849434,0.012224840581000478
178026,118.36,24.96,192,321,118.47503999999999,24.974037,0.013431238968998426
178024,118.36,24.96,190,321,118.24493400000001,24.974037,0.013437221724996402
179138,118.98,25.23,196,323,118.93576000000002,25.223137,0.002004278368998913
179139,118.98,25.23,197,323,119.051056,25.223137,0.0050960559049998
179692,118.98,25.23,196,324,118.93576000000002,25.347603,0.01578764320899869
179693,118.98,25.23,197,324,119.051056,25.347603,0.01887942074499958
179690,118.7,25.36,194,324,118.70532,25.347603,0.0001819880089999737
179689,118.7,25.36,193,324,118.59015,25.347603,0.012220708109001903
180244,118.7,25.36,194,325,118.70532,25.472038,0.012580815844000389
179691,118.7,25.36,195,324,118.820526,25.347603,0.014680202284999552
178577,118.15,25.06,189,322,118.129974,25.098618,0.001892390600000026
178023,118.15,25.06,189,321,118.129974,24.974037,0.007790678044999983
178578,118.15,25.06,190,322,118.24493400000001,25.098618,0.010503814280001713
178024,118.15,25.06,190,321,118.24493400000001,24.974037,0.01640210172500167
176915,118.13,24.71,189,319,118.129974,24.724792,0.00021880393999999708
176361,118.13,24.71,189,318,118.129974,24.600105,0.012076911701000358
176916,118.13,24.71,190,319,118.24493400000001,24.724792,0.01342862762000446
176914,118.13,24.71,188,319,118.015045,24.724792,0.013433455288998804
179686,118.26,25.33,190,324,118.24493400000001,25.347603,0.0005368499649997466
179687,118.26,25.33,191,324,118.35998500000001,25.347603,0.010306865834000794
179132,118.26,25.33,190,323,118.24493400000001,25.223137,0.011646685124999074
179685,118.26,25.33,189,324,118.129974,25.347603,0.017216626285000265
175806,118.06,24.48,188,317,118.015045,24.475372,0.0020423704090001497
175807,118.06,24.48,189,317,118.129974,24.475372,0.00491777906000028
176360,118.06,24.48,188,318,118.015045,24.600105,0.016446163049999858
175252,118.06,24.48,188,316,118.015045,24.350616,0.018761171481000594
175804,117.81,24.45,186,317,117.78531000000001,24.475372,0.0012533344839996746
175805,117.81,24.45,187,317,117.90015,24.475372,0.008770760883998995
175250,117.81,24.45,186,316,117.78531000000001,24.350616,0.010486775555999748
175251,117.81,24.45,187,316,117.90015,24.350616,0.01800420195599907
176358,117.75,24.61,186,318,117.78531000000001,24.600105,0.001344707125000691
176357,117.75,24.61,185,318,117.6705,24.600105,0.006418161024999353
176912,117.75,24.61,186,319,117.78531000000001,24.724792,0.014423999364000994
175804,117.75,24.61,186,317,117.78531000000001,24.475372,0.0193714944840005
175803,117.65,24.5,185,317,117.6705,24.475372,0.0010267883839999285
175802,117.65,24.5,184,317,117.555756,24.475372,0.00948846992000062
176357,117.65,24.5,185,318,117.6705,24.600105,0.010441261024999779
176356,117.65,24.5,184,318,117.555756,24.600105,0.01890294256100047
166907,113.98,22.46,153,301,114.02408,22.47564,0.002187655999999389
166906,113.98,22.46,152,301,113.91103999999999,22.47564,0.0050000912000024555
166353,113.98,22.46,153,300,114.02408,22.350471,0.013939648240999898
166352,113.98,22.46,152,300,113.91103999999999,22.350471,0.016752083441002964
165795,113.58,22.28,149,299,113.57233000000001,22.225273,0.0030538734289998234
166349,113.58,22.28,149,300,113.57233000000001,22.350471,0.005024990740999531
165796,113.58,22.28,150,299,113.68518,22.225273,0.014057876929000871
166350,113.58,22.28,150,300,113.68518,22.350471,0.01602899424100058
166901,113.35,22.53,147,301,113.34683000000001,22.47564,0.002965058500000178
167455,113.35,22.53,147,302,113.34683000000001,22.600807,0.0050236801489996815
166902,113.35,22.53,148,301,113.45956399999999,22.47564,0.014959279695998483
166900,113.35,22.53,146,301,113.23418999999998,22.47564,0.016366965700002695
167462,114.1,22.55,154,302,114.137146,22.600807,0.003961176565000412
166908,114.1,22.55,154,301,114.137146,22.47564,0.006909234916000847
167461,114.1,22.55,153,302,114.02408,22.600807,0.00834519764899935
166907,114.1,22.55,153,301,114.02408,22.47564,0.011293255999999786
169121,113.75,23.03,151,305,113.798096,22.976173,0.005210571145000297
169120,113.75,23.03,150,305,113.68518,22.976173,0.007098978328999866
169675,113.75,23.03,151,306,113.798096,23.10125,0.007389787715999978
169674,113.75,23.03,150,306,113.68518,23.10125,0.009278194899999547
234554,120.83,40.76,212,423,120.78503400000001,37.207423999999996,12.622818176932013
234555,120.83,40.76,213,423,120.90093999999999,37.207423999999996,12.625828719376013
234553,120.83,40.76,211,423,120.66918999999999,37.207423999999996,12.646656091876018
234556,120.83,40.76,214,423,121.016846,37.207423999999996,12.655707663492015
234557,121.11,41.13,215,423,121.13281,37.207423999999996,15.38712277187605
234556,121.11,41.13,214,423,121.016846,37.207423999999996,15.395280143492052
234558,121.11,41.13,216,423,121.24881,37.207423999999996,15.405870691876054
234555,121.11,41.13,213,423,120.90093999999999,37.207423999999996,15.430308559376055
234553,120.7,40.58,211,423,120.66918999999999,37.207423999999996,11.375218131876016
234554,120.7,40.58,212,423,120.78503400000001,37.207423999999996,11.381499656932018
234552,120.7,40.58,210,423,120.553345,37.207423999999996,11.395776564801018
234555,120.7,40.58,213,423,120.90093999999999,37.207423999999996,11.414645759376011
234559,121.36,41.31,217,423,121.36483999999999,37.207423999999996,16.83115326137605
234558,121.36,41.31,216,423,121.24881,37.207423999999996,16.84349305187605
234560,121.36,41.31,218,423,121.480896,37.207423999999996,16.84574567859205
234557,121.36,41.31,215,423,121.13281,37.207423999999996,16.882745131876046
234558,121.23,41.51,216,423,121.24881,37.207423999999996,18.512514051876014
234557,121.23,41.51,215,423,121.13281,37.207423999999996,18.521606131876016
234559,121.23,41.51,217,423,121.36483999999999,37.207423999999996,18.53034206137601
234556,121.23,41.51,214,423,121.016846,37.207423999999996,18.557594863492017
234550,120.35,41.18,208,423,120.32181000000001,37.207423999999996,15.782154751876027
234551,120.35,41.18,209,423,120.43756,37.207423999999996,15.78902682937603
234549,120.35,41.18,207,423,120.206116,37.207423999999996,15.802062681232028
234552,120.35,41.18,210,423,120.553345,37.207423999999996,15.822709264801027
234550,120.35,40.35,208,423,120.32181000000001,37.207423999999996,9.876578591876031
234551,120.35,40.35,209,423,120.43756,37.207423999999996,9.883450669376035
234549,120.35,40.35,207,423,120.206116,37.207423999999996,9.896486521232033
234552,120.35,40.35,210,423,120.553345,37.207423999999996,9.917133104801032
234551,120.45,41.55,209,423,120.43756,37.207423999999996,18.85812106937601
234552,120.45,41.55,210,423,120.553345,37.207423999999996,18.86864650480101
234550,120.45,41.55,208,423,120.32181000000001,37.207423999999996,18.874398991876006
234553,120.45,41.55,211,423,120.66918999999999,37.207423999999996,18.906010571876003
234534,118.53,37.88,192,423,118.47503999999999,37.207423999999996,0.45537907737600963
234535,118.53,37.88,193,423,118.59015,37.207423999999996,0.4559764982760079
234533,118.53,37.88,191,423,118.35998500000001,37.207423999999996,0.4812635760010061
234536,118.53,37.88,194,423,118.70532,37.207423999999996,0.48309557817600846
234532,118.23,37.48,190,423,118.24493400000001,37.207423999999996,0.07452070013200078
234531,118.23,37.48,189,423,118.129974,37.207423999999996,0.0843028764520004
234533,118.23,37.48,191,423,118.35998500000001,37.207423999999996,0.09119377600100173
234530,118.23,37.48,188,423,118.015045,37.207423999999996,0.1205033278010019
234530,118.01,37.36,188,423,118.015045,37.207423999999996,0.023304887801000984
234529,118.01,37.36,187,423,117.90015,37.207423999999996,0.03534645827600293
234531,118.01,37.36,189,423,118.129974,37.207423999999996,0.03767319645200082
233976,118.01,37.36,188,422,118.015045,37.094776,0.07036922220099802
234550,120.31,37.61,208,423,120.32181000000001,37.207423999999996,0.16220691187600297
234549,120.31,37.61,207,423,120.206116,37.207423999999996,0.17285932123200434
234551,120.31,37.61,209,423,120.43756,37.207423999999996,0.17833898937600337
234548,120.31,37.61,206,423,120.09042,37.207423999999996,0.21028281217600608
234551,120.38,37.35,209,423,120.43756,37.207423999999996,0.023641069376002608
234550,120.38,37.35,208,423,120.32181000000001,37.207423999999996,0.023713991875999433
234552,120.38,37.35,210,423,120.553345,37.207423999999996,0.05037640480100071
234549,120.38,37.35,207,423,120.206116,37.207423999999996,0.05056356123200189
234553,120.71,37.93,211,423,120.66918999999999,37.207423999999996,0.5237815318760058
234554,120.71,37.93,212,423,120.78503400000001,37.207423999999996,0.5277461769320078
234552,120.71,37.93,210,423,120.553345,37.207423999999996,0.5466568648010055
234555,120.71,37.93,213,423,120.90093999999999,37.207423999999996,0.5585741593760044
232889,120.48,36.86,209,420,120.43756,36.868862,0.0018796886439999378
232890,120.48,36.86,210,420,120.553345,36.868862,0.0054580240689984134
232335,120.48,36.86,209,419,120.43756,36.755615,0.012697381825000057
232336,120.48,36.86,210,419,120.553345,36.755615,0.01627571724999853
233446,120.73,36.96,212,421,120.78503400000001,36.98192,0.003509227556000753
233445,120.73,36.96,211,421,120.66918999999999,36.98192,0.0041783425000022295
232892,120.73,36.96,212,420,120.78503400000001,36.868862,0.01133487620000084
232891,120.73,36.96,211,420,120.66918999999999,36.868862,0.012003991144002316
228448,119.41,35.98,200,412,119.39715600000001,35.9575,0.000671218335999384
229002,119.41,35.98,200,413,119.39715600000001,36.07208,0.008643694736000187
228449,119.41,35.98,201,412,119.5126,35.9575,0.011033010000001684
228447,119.41,35.98,199,412,119.28173999999999,35.9575,0.016956877600002692
227338,119.2,35.75,198,410,119.16638,35.727787,0.0016237217689999703
227339,119.2,35.75,199,410,119.28173999999999,35.727787,0.007174844968997115
227892,119.2,35.75,198,411,119.16638,35.84274,0.009731011999999784
227893,119.2,35.75,199,411,119.28173999999999,35.84274,0.015282135199996928
230667,119.71,36.38,203,416,119.74359,36.414707,0.0023328639490000722
230113,119.71,36.38,203,415,119.74359,36.30068,0.0074199505000006865
230666,119.71,36.38,202,416,119.62808000000001,36.414707,0.007915462248996943
230112,119.71,36.38,202,415,119.62808000000001,36.30068,0.013002548799997557
225119,118.83,35.25,195,406,118.820526,35.266242999999996,0.00035359172499981235
224565,118.83,35.25,195,405,118.820526,35.15043,0.010003941575999936
225120,118.83,35.25,196,406,118.93576000000002,35.266242999999996,0.011449012649003637
225118,118.83,35.25,194,406,118.70532,35.266242999999996,0.01580893744899934
226781,118.83,35.58,195,409,118.820526,35.61267,0.0011570855760001508
226227,118.83,35.58,195,408,118.820526,35.497375,0.006916647300999977
226782,118.83,35.58,196,409,118.93576000000002,35.61267,0.012252506500003976
226780,118.83,35.58,194,409,118.70532,35.61267,0.01661243129999968
234538,118.95,40.4,196,423,118.93576000000002,37.207423999999996,10.192744293376016
234539,118.95,40.4,197,423,119.051056,37.207423999999996,10.202753830912016
234537,118.95,40.4,195,423,118.820526,37.207423999999996,10.209305032452017
234540,118.95,40.4,198,423,119.16638,37.207423999999996,10.239361820176017
234546,119.81,40.8,204,423,119.85918999999998,37.207423999999996,12.909021971876006
234545,119.81,40.8,203,423,119.74359,37.207423999999996,12.911012603876008
234547,119.81,40.8,205,423,119.97478999999998,37.207423999999996,12.933758059876002
234544,119.81,40.8,202,423,119.62808000000001,37.207423999999996,12.939697202176005
234568,122.38,37.16,226,423,122.41046000000001,37.207423999999996,0.003176847376001122
234014,122.38,37.16,226,422,122.41046000000001,37.094776,0.005181981776000326
234567,122.38,37.16,225,423,122.29416,37.207423999999996,0.009617541375998295
234013,122.38,37.16,225,422,122.29416,37.094776,0.0116226757759975
234570,122.68,37.4,228,423,122.64313,37.207423999999996,0.03844491267600152
234571,122.68,37.4,229,423,122.75952,37.207423999999996,0.043408946175999066
234569,122.68,37.4,227,423,122.526794,37.207423999999996,0.0605575942120045
234572,122.68,37.4,230,423,122.87591599999999,37.207423999999996,0.07546859483199417
232906,122.43,36.86,226,420,122.41046000000001,36.868862,0.0004603466439997025
232907,122.43,36.86,227,420,122.526794,36.868862,0.009447613479997785
232352,122.43,36.86,226,419,122.41046000000001,36.755615,0.01127803982499982
233460,122.43,36.86,226,421,122.41046000000001,36.98192,0.015246298000000403
206855,120.95,31.41,213,373,120.90093999999999,31.363369,0.004581333761001253
206856,120.95,31.41,214,373,121.016846,31.363369,0.00664283787699989
207409,120.95,31.41,213,374,120.90093999999999,31.48381,0.007854799700000848
207410,120.95,31.41,214,374,121.016846,31.48381,0.009916303815999485
170808,116.68,23.4,176,308,116.63946499999999,23.351349,0.004010006026001558
171362,116.68,23.4,176,309,116.63946499999999,23.476357,0.00747347767400184
170809,116.68,23.4,177,308,116.753845,23.351349,0.007820003825998702
171363,116.68,23.4,177,309,116.753845,23.476357,0.011283475473998984
171363,116.76,23.46,177,309,116.753845,23.476357,0.00030543547400006034
170809,116.76,23.46,177,308,116.753845,23.351349,0.011842923826000482
171364,116.76,23.46,178,309,116.868256,23.476357,0.011986912984999381
171362,116.76,23.46,176,309,116.63946499999999,23.476357,0.014796237674004327
170253,116.58,23.26,175,307,116.52518,23.226318,0.0041397095239993215
170254,116.58,23.26,176,307,116.63946499999999,23.226318,0.004670563348998829
170807,116.58,23.26,175,308,116.52518,23.351349,0.011349872200998694
170808,116.58,23.26,176,308,116.63946499999999,23.351349,0.011880726025998201
171916,116.63,23.66,176,310,116.63946499999999,23.601334,0.0035312857809996975
172470,116.63,23.66,176,311,116.63946499999999,23.726295,0.00448461324999987
171915,116.63,23.66,175,310,116.52518,23.601334,0.014428931955997652
172469,116.63,23.66,175,311,116.52518,23.726295,0.015382259424997824
171365,117.03,23.43,179,309,116.98273,23.476357,0.004383424348999802
171366,117.03,23.43,180,309,117.09723000000001,23.476357,0.006668844349001279
170811,117.03,23.43,179,308,116.98273,23.351349,0.008420432700999871
170812,117.03,23.43,180,308,117.09723000000001,23.351349,0.010705852701001349
171914,116.38,23.56,174,310,116.41091999999999,23.601334,0.002664545955999893
171360,116.38,23.56,174,309,116.41091999999999,23.476357,0.007952197848999436
171913,116.38,23.56,173,310,116.29668999999998,23.601334,0.008649055656002142
171359,116.38,23.56,173,309,116.29668999999998,23.476357,0.013936707549001686
172473,116.98,23.68,179,311,116.98273,23.726295,0.002150679925000058
171919,116.98,23.68,179,310,116.98273,23.601334,0.006195792455999738
172472,116.98,23.68,178,311,116.868256,23.726295,0.01462994856100042
172474,116.98,23.68,180,311,117.09723000000001,23.726295,0.015886099925001555
169143,116.3,23.03,173,305,116.29668999999998,22.976173,0.0029083020290002863
169697,116.3,23.03,173,306,116.29668999999998,23.10125,0.0050875185999999665
169144,116.3,23.03,174,305,116.41091999999999,22.976173,0.015200592328998652
169142,116.3,23.03,172,305,116.182556,22.976173,0.016690439064998293
170804,116.16,23.3,172,308,116.182556,23.351349,0.0031454929370002185
170250,116.16,23.3,172,307,116.182556,23.226318,0.005937810260000625
170803,116.16,23.3,171,308,116.06845,23.351349,0.011018122300999465
170249,116.16,23.3,171,307,116.06845,23.226318,0.013810439623999872
162431,109.13,21.45,109,293,109.11362,21.473862,0.0008376994439999918
162432,109.13,21.45,110,293,109.223694,21.473862,0.00934796067999992
161877,109.13,21.45,109,292,109.11362,21.348602,0.010549858803999867
162430,109.13,21.45,108,293,109.00363,21.473862,0.01653877194399862
162986,109.18,21.66,110,294,109.223694,21.599129,0.005614444276998796
163540,109.18,21.66,110,295,109.223694,21.72438,0.0060539500359989284
162985,109.18,21.66,109,294,109.11362,21.599129,0.008111583041001104
163539,109.18,21.66,109,295,109.11362,21.72438,0.008551088800001237
160215,109.1,21.03,109,289,109.11362,20.972763,0.003461578569000158
160769,109.1,21.03,109,290,109.11362,21.098045000000003,0.004815626425000283
160214,109.1,21.03,108,289,109.00363,20.972763,0.01256325106899876
160768,109.1,21.03,108,290,109.00363,21.098045000000003,0.013917298924998885
164642,108.61,21.95,104,297,108.56445,21.974860999999997,0.0026928718210004147
164643,108.61,21.95,105,297,108.67413,21.974860999999997,0.004730726221000634
164088,108.61,21.95,104,296,108.56445,21.849617000000002,0.012151549188999968
164089,108.61,21.95,105,296,108.67413,21.849617000000002,0.014189403589000187
162978,108.35,21.61,102,294,108.34534,21.599129,0.00013989424099996955
162979,108.35,21.61,103,294,108.454834,21.599129,0.011108346197002258
163532,108.35,21.61,102,295,108.34534,21.72438,0.013104500000000147
162977,108.35,21.61,101,294,108.2359,21.599129,0.013136988640998458
163532,108.35,21.78,102,295,108.34534,21.72438,0.003115300000000135
164086,108.35,21.78,102,296,108.34534,21.849617000000002,0.004868242289000141
163533,108.35,21.78,103,295,108.454834,21.72438,0.014083751956002423
164087,108.35,21.78,103,296,108.454834,21.849617000000002,0.01583669424500243
165759,109.55,22.26,113,299,109.55435,22.225273,0.001224887029000032
166313,109.55,22.26,113,300,109.55435,22.350471,0.008203924340999532
165758,109.55,22.26,112,299,109.44403,22.225273,0.01243560542899985
165760,109.55,22.26,114,299,109.66473400000001,22.225273,0.014369855285002942
166311,109.3,22.41,111,300,109.33383,22.350471,0.004688170741000754
166865,109.3,22.41,111,301,109.33383,22.47564,0.005453078500000388
166310,109.3,22.41,110,300,109.223694,22.350471,0.009366307477000521
166864,109.3,22.41,110,301,109.223694,22.47564,0.010131215236000156
162421,107.97,21.52,99,293,108.01723999999999,21.473862,0.004360332643998781
162420,107.97,21.52,98,293,107.90802,21.473862,0.0059702354440005975
162975,107.97,21.52,99,294,108.01723999999999,21.599129,0.008493016240999143
162974,107.97,21.52,98,294,107.90802,21.599129,0.010102919041000961
162420,107.96,21.53,98,293,107.90802,21.473862,0.005853395444000115
162421,107.96,21.53,99,293,108.01723999999999,21.473862,0.006427892643999285
162974,107.96,21.53,98,294,107.90802,21.599129,0.007480739041000067
162975,107.96,21.53,99,294,108.01723999999999,21.599129,0.008055236240999237
155794,110.35,20.03,120,281,110.32848999999999,19.97052,0.0040005505000003504
156348,110.35,20.03,120,282,110.32848999999999,20.095795000000003,0.004791662125000456
155795,110.35,20.03,121,281,110.43938999999999,19.97052,0.0115284424999991
156349,110.35,20.03,121,282,110.43938999999999,20.095795000000003,0.012319554124999205
155794,110.36,20.0,120,281,110.32848999999999,19.97052,0.0018619505000006939
155795,110.36,20.0,121,281,110.43938999999999,19.97052,0.0071718424999982905
156348,110.36,20.0,120,282,110.32848999999999,20.095795000000003,0.010169562125001206
156349,110.36,20.0,121,282,110.43938999999999,20.095795000000003,0.015479454124998803
157454,110.16,20.33,118,284,110.10693,20.346352,0.003083812803999093
157455,110.16,20.33,119,284,110.21768,20.346352,0.0035943703040005994
156900,110.16,20.33,118,283,110.10693,20.22107,0.014682169799998465
156901,110.16,20.33,119,283,110.21768,20.22107,0.01519272729999997
154686,110.33,19.7,120,279,110.32848999999999,19.720001,0.0004023201010000553
154132,110.33,19.7,120,278,110.32848999999999,19.594757,0.011078369148999605
154687,110.33,19.7,121,279,110.43938999999999,19.720001,0.012366212100997956
154685,110.33,19.7,119,279,110.21768,19.720001,0.01301582240099932
154683,110.0,19.73,117,279,109.99628,19.720001,0.0001138184010000202
154684,110.0,19.73,118,279,110.10693,19.720001,0.01153400490100119
154682,110.0,19.73,116,279,109.88568000000001,19.720001,0.013169042400998228
155237,110.0,19.73,117,280,109.99628,19.845253,0.013297092408999817
155234,109.68,19.9,114,280,109.66473400000001,19.845253,0.0032302847649997948
155788,109.68,19.9,114,281,109.66473400000001,19.97052,0.005206121156000176
155235,109.68,19.9,115,280,109.77515,19.845253,0.012050756508997916
155789,109.68,19.9,115,281,109.77515,19.97052,0.014026592899998297
154136,110.75,19.61,124,278,110.77246000000001,19.594757,0.0007368006490003681
154135,110.75,19.61,123,278,110.66138000000001,19.594757,0.008085853448998473
154690,110.75,19.61,124,279,110.77246000000001,19.720001,0.012604671601000527
154137,110.75,19.61,125,278,110.88367,19.594757,0.018100017948998626
153022,110.1,19.36,118,276,110.10693,19.3443,0.00029451490000012196
153021,110.1,19.36,117,276,109.99628,19.3443,0.011004328399999054
153576,110.1,19.36,118,277,110.10693,19.469520000000003,0.012042655300000898
153023,110.1,19.36,119,276,110.21768,19.3443,0.014095072400001641
152471,110.46,19.23,121,275,110.43938999999999,19.219078,0.0005440621840002188
152472,110.46,19.23,122,275,110.550354,19.219078,0.008283135400000908
153025,110.46,19.23,121,276,110.43938999999999,19.3443,0.013489262100000218
152470,110.46,19.23,120,275,110.32848999999999,19.219078,0.01741417018400154
153571,109.58,19.51,113,277,109.55435,19.469520000000003,0.0022965528999998384
154125,109.58,19.51,113,278,109.55435,19.594757,0.007841671548999897
153572,109.58,19.51,114,277,109.66473400000001,19.469520000000003,0.008818481156001869
154126,109.58,19.51,114,278,109.66473400000001,19.594757,0.01436359980500193
32774,106.83,-6.18,88,59,106.820435,-6.187790000000001,0.00015217332499991646
33328,106.83,-6.18,88,60,106.820435,-6.081917,0.009711764113999887
32775,106.83,-6.18,89,59,106.92883,-6.187790000000001,0.009828053000001325
32220,106.83,-6.18,88,58,106.820435,-6.293525700000001,0.012979573785490169
33326,106.65,-6.11,86,60,106.60394,-6.081917,0.0029101784890010716
33327,106.65,-6.11,87,60,106.71216000000001,-6.081917,0.004652520489000746
32772,106.65,-6.11,86,59,106.60394,-6.187790000000001,0.00817280770000108
32773,106.65,-6.11,87,59,106.71216000000001,-6.187790000000001,0.009915149700000755
33328,106.86,-6.1,88,60,106.820435,-6.081917,0.0018923841139996838
33329,106.86,-6.1,89,60,106.92883,-6.081917,0.005064563789000752
32774,106.86,-6.1,88,59,106.820435,-6.187790000000001,0.009272473324999852
32775,106.86,-6.1,89,59,106.92883,-6.187790000000001,0.01244465300000092
32772,106.65,-6.23,86,59,106.60394,-6.187790000000001,0.00390320770000103
32773,106.65,-6.23,87,59,106.71216000000001,-6.187790000000001,0.005645549700000705
32218,106.65,-6.23,86,58,106.60394,-6.293525700000001,0.0061570381604911005
32219,106.65,-6.23,87,58,106.71216000000001,-6.293525700000001,0.007899380160490774
30005,106.93,-6.7,89,54,106.92883,-6.715118400000001,0.00022993491856001714
30559,106.93,-6.7,89,55,106.92883,-6.6099243,0.008115000630489982
30006,106.93,-6.7,90,54,107.03732,-6.715118400000001,0.011746148418557265
30004,106.93,-6.7,88,54,106.820435,-6.715118400000001,0.012233055243560772
33322,106.13,-6.11,82,60,106.171875,-6.081917,0.0025421705140004102
33321,106.13,-6.11,81,60,106.06409,-6.081917,0.00513278298900034
32768,106.13,-6.11,82,59,106.171875,-6.187790000000001,0.007804799725000419
32767,106.13,-6.11,81,59,106.06409,-6.187790000000001,0.01039541220000035
71162,125.18,1.43,250,128,125.20886000000002,1.4184647,0.0009659627460905068
71161,125.18,1.43,249,128,125.09204,1.4184647,0.007870024746091686
71716,125.18,1.43,250,129,125.20886000000002,1.5329819,0.01143817132761052
70608,125.18,1.43,250,127,125.20886000000002,1.3040466,0.016697158571560504
71713,124.91,1.53,247,129,124.85843,1.5329819,0.002668356627609806
71714,124.91,1.53,248,129,124.97522,1.5329819,0.004262540127609543
71159,124.91,1.53,247,128,124.85843,1.4184647,0.015099588046089832
72267,124.91,1.53,247,130,124.85843,1.6476288000000001,0.016495999489439826
81690,125.46,3.58,252,147,125.44256599999999,3.6139068999999995,0.00145362222361026
81136,125.46,3.58,252,146,125.44256599999999,3.4973678999999995,0.00713200830641039
81691,125.46,3.58,253,147,125.55945,3.6139068999999995,0.011039980367610851
81137,125.46,3.58,253,146,125.55945,3.4973678999999995,0.01671836645041098
81492,103.22,3.62,54,147,103.18674,3.6139068999999995,0.0011433534676099089
81493,103.22,3.62,55,147,103.29214499999999,3.6139068999999995,0.0052420268926088405
82046,103.22,3.62,54,148,103.18674,3.7305602999999996,0.013329807536089791
80938,103.22,3.62,54,146,103.18674,3.4973678999999995,0.01614485955041004
75958,103.83,2.45,60,137,103.82049599999999,2.4533615,0.00010162569825013014
75959,103.83,2.45,61,137,103.92645,2.4533615,0.009313902182250844
75404,103.83,2.45,60,136,103.82049599999999,2.3379288,0.012650279885440213
75957,103.83,2.45,59,137,103.71466,2.4533615,0.013314615282250768
89801,103.1,5.38,53,162,103.08145,5.3748474,0.00037065178675964544
89802,103.1,5.38,54,162,103.18674,5.3748474,0.007550376886761044
90355,103.1,5.38,53,163,103.08145,5.4930650000000005,0.013127796724999792
89800,103.1,5.38,52,162,102.97623,5.3748474,0.015345562186758331
79261,101.65,3.1,39,143,101.617065,3.1483687999999996,0.0034242550384405517
78707,101.65,3.1,39,142,101.617065,3.0322647000000003,0.005672785091090572
79262,101.65,3.1,40,143,101.72104,3.1483687999999996,0.007386222413439451
78708,101.65,3.1,40,142,101.72104,3.0322647000000003,0.009634752466089472
74835,102.25,2.26,45,135,102.24237,2.22258,0.0014584733000000925
75389,102.25,2.26,45,136,102.24237,2.3379288,0.006131114769440095
74836,102.25,2.26,46,135,102.346924,2.22258,0.01079451817600026
74834,102.25,2.26,44,135,102.13794,2.22258,0.013957699999999911
153458,93.55,19.41,0,277,97.63866999999999,19.469520000000003,16.72076499929995
152904,93.55,19.41,0,276,97.63866999999999,19.3443,16.721538858899947
154012,93.55,19.41,0,278,97.63866999999999,19.594757,16.751357517948946
152350,93.55,19.41,0,275,97.63866999999999,19.219078,16.753673578983946
156228,92.88,20.13,0,282,97.63866999999999,20.095795000000003,22.646110150924954
156782,92.88,20.13,0,283,97.63866999999999,20.22107,22.653233913799955
155674,92.88,20.13,0,281,97.63866999999999,19.97052,22.670374039299954
157336,92.88,20.13,0,284,97.63866999999999,20.346352,22.691748356803952
149026,94.35,18.46,0,269,97.63866999999999,18.46811,10.815416140999975
148472,94.35,18.46,0,268,97.63866999999999,18.34301,10.829037028999975
149580,94.35,18.46,0,270,97.63866999999999,18.593224,10.833099003075976
147918,94.35,18.46,0,267,97.63866999999999,18.21791,10.873957936999977
150688,95.21,18.79,0,272,97.63866999999999,18.843513,5.901301610068985
150134,95.21,18.79,0,271,97.63866999999999,18.71836,5.903570258499984
151242,95.21,18.79,0,273,97.63866999999999,18.968689,5.930367727620985
149580,95.21,18.79,0,270,97.63866999999999,18.593224,5.937158763075985
161768,93.95,21.38,0,292,97.63866999999999,21.348602,13.607272203303909
162322,93.95,21.38,0,293,97.63866999999999,21.473862,13.615096443943909
161214,93.95,21.38,0,291,97.63866999999999,21.22332,13.630834991299908
162876,93.95,21.38,0,294,97.63866999999999,21.599129,13.65430388754091
161214,94.91,21.2,0,291,97.63866999999999,21.22332,7.446183791299967
160660,94.91,21.2,0,290,97.63866999999999,21.098045000000003,7.456034790924966
161768,94.91,21.2,0,292,97.63866999999999,21.348602,7.4677225233039675
160106,94.91,21.2,0,289,97.63866999999999,20.972763,7.4972766230689665
145702,95.41,17.66,0,263,97.63866999999999,17.717812,4.970312196243973
145148,95.41,17.66,0,262,97.63866999999999,17.592857000000002,4.971478151348973
146256,95.41,17.66,0,264,97.63866999999999,17.842804,5.000387271315974
144594,95.41,17.66,0,261,97.63866999999999,17.46791,5.003868536999973
162322,91.93,21.43,0,293,97.63866999999999,21.473862,32.590837043943814
161768,91.93,21.43,0,292,97.63866999999999,21.348602,32.59553880330382
162876,91.93,21.43,0,294,97.63866999999999,21.599129,32.61751778754081
161214,91.93,21.43,0,291,97.63866999999999,21.22332,32.631629791299815
159552,95.83,20.83,0,288,97.63866999999999,20.847488000000002,3.271592999043972
158998,95.83,20.83,0,287,97.63866999999999,20.722206,3.2829067153359714
160106,95.83,20.83,0,289,97.63866999999999,20.972763,3.2916684430689727
158444,95.83,20.83,0,286,97.63866999999999,20.596916,3.325615319955971
141270,94.76,16.76,0,255,97.63866999999999,16.718895,8.288430589924916
141824,94.76,16.76,0,256,97.63866999999999,16.843657999999998,8.293739629863916
140716,94.76,16.76,0,254,97.63866999999999,16.594177,8.314238236228919
142378,94.76,16.76,0,257,97.63866999999999,16.968452,8.330193205203916
114181,103.48,10.63,57,206,103.503204,10.664162,0.0017054678599995555
114180,103.48,10.63,56,206,103.397644,10.664162,0.007949552980000605
113627,103.48,10.63,57,205,103.503204,10.542145,0.008256926640999859
113626,103.48,10.63,56,205,103.397644,10.542145,0.01450101176100091
111969,103.96,10.21,61,202,103.92645,10.176537,0.002245374868999478
111970,103.96,10.21,62,202,104.03246999999999,10.176537,0.006371673268999437
112523,103.96,10.21,61,203,103.92645,10.298325,0.008926908124999283
112524,103.96,10.21,62,203,104.03246999999999,10.298325,0.01305320652499924
114188,104.21,10.61,64,206,104.24481,10.664162,0.004145258344000492
113634,104.21,10.61,64,205,104.24481,10.542145,0.00581603712500048
114187,104.21,10.61,63,206,104.13861,10.664162,0.008030054343999102
113633,104.21,10.61,63,205,104.13861,10.542145,0.009700833124999092
119161,102.88,11.76,51,215,102.871124,11.7655945,0.00011008180625002306
119162,102.88,11.76,52,215,102.97623,11.7655945,0.009291511330251086
119160,102.88,11.76,50,215,102.76608,11.7655945,0.013009064830248447
118607,102.88,11.76,51,214,102.871124,11.642928999999999,0.013784402417000255
108087,103.46,9.28,57,195,103.503204,9.326172,0.003998439200000281
108086,103.46,9.28,56,195,103.397644,9.326172,0.006020124319999292
107533,103.46,9.28,57,194,103.503204,9.205017,0.007489035905000188
107532,103.46,9.28,56,194,103.397644,9.205017,0.009510721024999199
118072,104.85,11.55,70,213,104.88403000000001,11.52034,0.0020377565000011515
118071,104.85,11.55,69,213,104.77725,11.52034,0.006172278099999978
118626,104.85,11.55,70,214,104.88403000000001,11.642928999999999,0.009793839941000694
118625,104.85,11.55,69,214,104.77725,11.642928999999999,0.01392836154099952
178388,61.8,25.06,0,322,97.63866999999999,25.098618,1284.4117587188234
177834,61.8,25.06,0,321,97.63866999999999,24.974037,1284.4176570062684
178942,61.8,25.06,0,323,97.63866999999999,25.223137,1284.4368810496685
177280,61.8,25.06,0,320,97.63866999999999,24.849434,1284.4546054092555
178942,63.48,25.26,0,323,97.63866999999999,25.223137,1166.8160950496685
179496,63.48,25.26,0,324,97.63866999999999,25.347603,1166.8224104545086
178388,63.48,25.26,0,322,97.63866999999999,25.098618,1166.8407803188236
180050,63.48,25.26,0,325,97.63866999999999,25.472038,1166.8596962823435
165646,91.81,22.26,0,299,97.63866999999999,22.225273,33.97459993342886
166200,91.81,22.26,0,300,97.63866999999999,22.350471,33.98157897074086
165092,91.81,22.26,0,298,97.63866999999999,22.100075,33.99896997452486
166754,91.81,22.26,0,301,97.63866999999999,22.47564,34.01989457849986
168970,91.41,23.03,0,305,97.63866999999999,22.976173,38.799227314828926
169524,91.41,23.03,0,306,97.63866999999999,23.10125,38.80140653139993
168416,91.41,23.03,0,304,97.63866999999999,22.851059,38.828349850380924
170078,91.41,23.03,0,307,97.63866999999999,23.226318,38.83487072602392
166200,90.33,22.33,0,300,97.63866999999999,22.350471,53.41707623074089
165646,90.33,22.33,0,299,97.63866999999999,22.225273,53.427624913428886
166754,90.33,22.33,0,301,97.63866999999999,22.47564,53.43786817849989
165092,90.33,22.33,0,298,97.63866999999999,22.100075,53.46952267452489
167862,90.36,22.75,0,303,97.63866999999999,22.72596,52.97961489049987
168416,90.36,22.75,0,304,97.63866999999999,22.851059,52.98924989038087
167308,90.36,22.75,0,302,97.63866999999999,22.600807,53.00129552014887
168970,90.36,22.75,0,305,97.63866999999999,22.976173,53.030191194828866
172848,91.25,23.88,0,312,97.63866999999999,23.851233999999998,40.81593185165588
173402,91.25,23.88,0,313,97.63866999999999,23.97612,40.82434342329988
172294,91.25,23.88,0,311,97.63866999999999,23.726295,40.83872959592488
173956,91.25,23.88,0,314,97.63866999999999,24.100983,40.86393785518888
175064,91.73,24.3,0,316,97.63866999999999,24.350616,34.91494314835584
174510,91.73,24.3,0,315,97.63866999999999,24.225807,34.91788577014884
175618,91.73,24.3,0,317,97.63866999999999,24.475372,34.94313650728384
173956,91.73,24.3,0,314,97.63866999999999,24.100983,34.951988935188844
172294,90.38,23.76,0,311,97.63866999999999,23.726295,52.68942619592492
172848,90.38,23.76,0,312,97.63866999999999,23.851233999999998,52.69661381165592
171740,90.38,23.76,0,310,97.63866999999999,23.601334,52.713465068455925
173402,90.38,23.76,0,313,97.63866999999999,23.97612,52.73499802329992
171740,89.85,23.6,0,310,97.63866999999999,23.601334,60.663382148455945
171186,89.85,23.6,0,309,97.63866999999999,23.476357,60.678667960348946
172294,89.85,23.6,0,311,97.63866999999999,23.726295,60.67933079592494
170632,89.85,23.6,0,308,97.63866999999999,23.351349,60.72520768870095
96950,79.86,6.9,0,175,97.63866999999999,6.919403,316.08148344530866
96396,79.86,6.9,0,174,97.63866999999999,6.8000107000000005,316.09110482901417
97504,79.86,6.9,0,176,97.63866999999999,7.038887,316.10039656766867
95842,79.86,6.9,0,173,97.63866999999999,6.6807175,316.12919178370595
96396,79.88,6.81,0,174,97.63866999999999,6.8000107000000005,315.3704599550143
96950,79.88,6.81,0,175,97.63866999999999,6.919403,315.38232918530883
95842,79.88,6.81,0,173,97.63866999999999,6.6807175,315.38707413370605
97504,79.88,6.81,0,176,97.63866999999999,7.038887,315.4227494276688
98058,79.88,7.16,0,177,97.63866999999999,7.1584699999999994,315.3703625097998
98612,79.88,7.16,0,178,97.63866999999999,7.278136999999999,315.3843165196688
97504,79.88,7.16,0,176,97.63866999999999,7.038887,315.3850285276688
99166,79.88,7.16,0,179,97.63866999999999,7.3979034,315.4269581966314
95842,80.4,6.68,0,173,97.63866999999999,6.6807175,297.1717438837057
95288,80.4,6.68,0,172,97.63866999999999,6.561516,297.18578182715544
96396,80.4,6.68,0,174,97.63866999999999,6.8000107000000005,297.1861459370139
94734,80.4,6.68,0,171,97.63866999999999,6.4424057,297.22819442029197
99720,80.36,7.46,0,180,97.63866999999999,7.517753599999999,298.5557724472127
99166,80.36,7.46,0,179,97.63866999999999,7.3979034,298.5562929566313
100274,80.36,7.46,0,181,97.63866999999999,7.637695299999999,298.5840125885418
98612,80.36,7.46,0,178,97.63866999999999,7.278136999999999,298.5855111196687
93072,81.13,6.11,0,168,97.63866999999999,6.085662999999999,272.53677745846886
93626,81.13,6.11,0,169,97.63866999999999,6.204483,272.5451122061889
92518,81.13,6.11,0,167,97.63866999999999,5.966957,272.55664646874885
94180,81.13,6.11,0,170,97.63866999999999,6.323395,272.5817225949249
142378,54.08,17.03,0,257,97.63866999999999,16.968452,1897.3615203252032
142932,54.08,17.03,0,258,97.63866999999999,17.093277,1897.3617361476283
141824,54.08,17.03,0,256,97.63866999999999,16.843657999999998,1897.3924555098633
143486,54.08,17.03,0,259,97.63866999999999,17.218117000000003,1897.3931201745881
141824,53.91,16.9,0,256,97.63866999999999,16.843657999999998,1912.1997543898633
142378,53.91,16.9,0,257,97.63866999999999,16.968452,1912.2012656452034
141270,53.91,16.9,0,255,97.63866999999999,16.718895,1912.2293789899245
142932,53.91,16.9,0,258,97.63866999999999,17.093277,1912.2339359676284
143486,54.08,17.25,0,259,97.63866999999999,17.218117000000003,1897.3587486945883
144040,54.08,17.25,0,260,97.63866999999999,17.343002,1897.3663815409031
142932,54.08,17.25,0,258,97.63866999999999,17.093277,1897.3822942676281
144594,54.08,17.25,0,261,97.63866999999999,17.46791,1897.4052169369993
145702,54.01,17.66,0,263,97.63866999999999,17.717812,1903.4641881962434
145148,54.01,17.66,0,262,97.63866999999999,17.592857000000002,1903.4653541513483
146256,54.01,17.66,0,264,97.63866999999999,17.842804,1903.4942632713153
144594,54.01,17.66,0,261,97.63866999999999,17.46791,1903.4977445369993
206088,32.23,31.28,0,372,97.63866999999999,31.24281,4278.295494264999
206642,32.23,31.28,0,373,97.63866999999999,31.363369,4278.301061559061
205534,32.23,31.28,0,371,97.63866999999999,31.122139,4278.319031264221
207196,32.23,31.28,0,374,97.63866999999999,31.48381,4278.335649685
203318,32.25,30.6,0,367,97.63866999999999,30.638302000000003,4275.679631412103
202764,32.25,30.6,0,366,97.63866999999999,30.517075,4275.685040924524
203872,32.25,30.6,0,368,97.63866999999999,30.759421999999997,4275.7035797429835
202210,32.25,30.6,0,365,97.63866999999999,30.395721,4275.71989427874
124096,45.03,12.83,0,224,97.63866999999999,12.872489999999999,2767.6739645689986
123542,45.03,12.83,0,223,97.63866999999999,12.749245,2767.678680538924
124650,45.03,12.83,0,225,97.63866999999999,12.995789,2767.69964516142
122988,45.03,12.83,0,222,97.63866999999999,12.626068,2767.7137474295228
126341,100.6,13.38,29,228,100.58255,13.366051,0.0004990771009998885
126342,100.6,13.38,30,228,100.68558,13.366051,0.007518511001001258
126895,100.6,13.38,29,229,100.58255,13.489601,0.012316881700999798
126340,100.6,13.38,28,228,100.47964499999999,13.366051,0.01467990062600086
125235,100.8,13.16,31,226,100.7887,13.119148000000001,0.0017965759039997428
125789,100.8,13.16,31,227,100.7887,13.242583999999999,0.006947807055999621
125236,100.8,13.16,32,226,100.89191,13.119148000000001,0.010116334003999678
125234,100.8,13.16,30,226,100.68558,13.119148000000001,0.014760822303998913
125236,100.88,13.08,32,226,100.89191,13.119148000000001,0.0016744140040000739
124682,100.88,13.08,32,225,100.89191,12.995789,0.007233340620999976
125235,100.88,13.08,31,226,100.7887,13.119148000000001,0.00986825590399819
125237,100.88,13.08,33,226,100.99518,13.119148000000001,0.014798998304002229
124128,100.86,12.91,32,224,100.89191,12.872489999999999,0.002425248199999844
124127,100.86,12.91,31,224,100.7887,12.872489999999999,0.006490690099999179
124682,100.86,12.91,32,225,100.89191,12.995789,0.008378000620999786
124681,100.86,12.91,31,225,100.7887,12.995789,0.012443442520999121
125228,100.06,13.15,24,226,100.06897,13.119148000000001,0.0010323068039998005
125782,100.06,13.15,24,227,100.06897,13.242583999999999,0.008652257955999589
125227,100.06,13.15,23,226,99.96655,13.119148000000001,0.00968474840400076
125229,100.06,13.15,25,226,100.17151,13.119148000000001,0.013386326003998974
126345,100.98,13.36,33,228,100.99518,13.366051,0.00026704700100003986
126344,100.98,13.36,32,228,100.89191,13.366051,0.007796462701001461
125791,100.98,13.36,33,227,100.99518,13.242583999999999,0.014016949456000122
126346,100.98,13.36,34,228,101.0986,13.366051,0.014102574601000182
128003,100.56,13.7,29,231,100.58255,13.736832000000001,0.0018650987239999545
128002,100.56,13.7,28,231,100.47964499999999,13.736832000000001,0.00781352224900201
127449,100.56,13.7,29,230,100.58255,13.613197,0.008043263308999748
127448,100.56,13.7,28,230,100.47964499999999,13.613197,0.013991686834001805
123021,100.98,12.68,33,222,100.99518,12.626068,0.003139093023999988
123575,100.98,12.68,33,223,100.99518,12.749245,0.005025302425000088
123020,100.98,12.68,32,222,100.89191,12.626068,0.01066850872400141
123574,100.98,12.68,32,223,100.89191,12.749245,0.012554718125001509
128002,100.5,13.73,28,231,100.47964499999999,13.736832000000001,0.00046100224900039015
128003,100.5,13.73,29,231,100.58255,13.736832000000001,0.006861178723999632
127448,100.5,13.73,28,230,100.47964499999999,13.613197,0.014057266834000581
128001,100.5,13.73,27,231,100.37683,13.736832000000001,0.015217525124000451
90329,100.38,5.46,27,163,100.37683,5.4930650000000005,0.0011033431250000198
89775,100.38,5.46,27,162,100.37683,5.3748474,0.007261014186759949
90330,100.38,5.46,28,163,100.47964499999999,5.4930650000000005,0.011022420249999105
90328,100.38,5.46,26,163,100.27411,5.4930650000000005,0.012305986325000516
89220,100.26,5.3,26,161,100.27411,5.256729,0.0020714715409996492
89774,100.26,5.3,26,162,100.27411,5.3748474,0.005801225386759715
89219,100.26,5.3,25,161,100.17151,5.256729,0.009702859541001274
89773,100.26,5.3,25,162,100.17151,5.3748474,0.013432613386761341
138046,108.18,16.03,100,249,108.126526,15.971077,0.006331388605001121
138047,108.18,16.03,101,249,108.2359,15.971077,0.006596729928999553
138600,108.18,16.03,100,250,108.126526,16.095627,0.007166371805000802
138601,108.18,16.03,101,250,108.2359,16.095627,0.007431713128999233
139704,107.68,16.4,96,252,107.68988,16.344832999999998,0.0031410122890000044
140258,107.68,16.4,96,253,107.68988,16.46949,0.004926474500000164
139703,107.68,16.4,95,252,107.5809,16.344832999999998,0.012864207889001495
140257,107.68,16.4,95,253,107.5809,16.46949,0.014649670100001655
134174,108.78,15.13,106,242,108.783875,15.100432999999999,0.0008892231140000628
134728,108.78,15.13,106,243,108.783875,15.224677999999999,0.008978939308999623
134173,108.78,15.13,105,242,108.67413,15.100432999999999,0.012082664388999246
134175,108.78,15.13,107,242,108.89374,15.100432999999999,0.013810995088998485
136922,106.42,15.68,84,247,106.38776000000001,15.722114999999999,0.002813090824999104
136923,106.42,15.68,85,247,106.49578999999999,15.722114999999999,0.00751779732499743
136368,106.42,15.68,84,246,106.38776000000001,15.597686999999999,0.007814847568999346
136369,106.42,15.68,85,246,106.49578999999999,15.597686999999999,0.012519554068997671
133048,106.83,14.8,88,240,106.820435,14.852058,0.002801524588999781
132494,106.83,14.8,88,239,106.820435,14.727935999999998,0.005284709321000306
133049,106.83,14.8,89,240,106.92883,14.852058,0.01247740426400119
132495,106.83,14.8,89,239,106.92883,14.727935999999998,0.014960588996001714
129181,108.0,13.98,99,233,108.01723999999999,13.984306,0.000315759235999543
129180,108.0,13.98,98,233,107.90802,13.984306,0.008478862036001214
128627,108.0,13.98,99,232,108.01723999999999,13.860542,0.014567431363999508
129182,108.0,13.98,100,233,108.126526,13.984306,0.01602737031199958
144680,106.6,17.48,86,261,106.60394,17.46791,0.00016169170000001495
144679,106.6,17.48,85,261,106.49578999999999,17.46791,0.011005892200001893
144681,106.6,17.48,87,261,106.71216000000001,17.46791,0.012726033700003858
145234,106.6,17.48,86,262,106.60394,17.592857000000002,0.0127522260490004
128084,109.21,13.76,110,231,109.223694,13.736832000000001,0.0007242818599999482
128083,109.21,13.76,109,231,109.11362,13.736832000000001,0.009825860623999219
128638,109.21,13.76,110,232,109.223694,13.860542,0.010296219400000186
128085,109.21,13.76,111,231,109.33383,13.736832000000001,0.015870625124002974
148031,109.51,18.23,113,267,109.55435,18.21791,0.0021130905999995125
148030,109.51,18.23,112,267,109.44403,18.21791,0.004498209000000963
148585,109.51,18.23,113,268,109.55435,18.34301,0.01473818259999931
148584,109.51,18.23,112,268,109.44403,18.34301,0.01712330100000076
132066,120.98,14.58,214,238,121.016846,14.603882,0.0019279776399998016
132065,120.98,14.58,213,238,120.90093999999999,14.603882,0.006820833524002006
131512,120.98,14.58,214,237,121.016846,14.479857999999998,0.011386047880000128
131511,120.98,14.58,213,237,120.90093999999999,14.479857999999998,0.01627890376400233
132066,121.01,14.63,214,238,121.016846,14.603882,0.0007290176399999601
132620,121.01,14.63,214,239,121.016846,14.727935999999998,0.009638327811999383
132065,121.01,14.63,213,238,120.90093999999999,14.603882,0.012576233524003003
132067,121.01,14.63,215,238,121.13281,14.603882,0.01576444602400031
131512,121.0,14.51,214,237,121.016846,14.479857999999998,0.0011923278800001218
132066,121.0,14.51,214,238,121.016846,14.603882,0.009097617640000163
131511,121.0,14.51,213,237,120.90093999999999,14.479857999999998,0.010721423764001788
131513,121.0,14.51,215,237,121.13281,14.479857999999998,0.018547036264001764
131511,120.91,14.5,213,237,120.90093999999999,14.479857999999998,0.0004877837640001606
132065,120.91,14.5,213,238,120.90093999999999,14.603882,0.010873553524000192
131512,120.91,14.5,214,237,121.016846,14.479857999999998,0.011821767880001015
131510,120.91,14.5,212,237,120.78503400000001,14.479857999999998,0.016022201319996657
132069,121.36,14.56,217,238,121.36483999999999,14.603882,0.001949055523999875
131515,121.36,14.56,217,237,121.36483999999999,14.479857999999998,0.006446165764000223
132068,121.36,14.56,216,238,121.24881,14.603882,0.014288846023998544
132070,121.36,14.56,218,238,121.480896,14.603882,0.016541472740000455
129850,121.05,14.08,214,234,121.016846,14.108116,0.0018896971719997826
129851,121.05,14.08,215,234,121.13281,14.108116,0.007648005556001555
129296,121.05,14.08,214,233,121.016846,13.984306,0.010256529351999734
129297,121.05,14.08,215,233,121.13281,13.984306,0.016014837736001507
132625,121.65,14.75,219,239,121.596985,14.727935999999998,0.0032974103210003072
132626,121.65,14.75,220,239,121.713104,14.727935999999998,0.004468934911999538
133179,121.65,14.75,219,240,121.596985,14.852058,0.01322642558900012
133180,121.65,14.75,220,240,121.713104,14.852058,0.014397950179999352
134278,120.56,15.16,210,242,120.553345,15.100432999999999,0.003592516514000272
134832,120.56,15.16,210,243,120.553345,15.224677999999999,0.00422753270899998
134279,120.56,15.16,211,242,120.66918999999999,15.100432999999999,0.015470683588996637
134833,120.56,15.16,211,243,120.66918999999999,15.224677999999999,0.016105699783996345
133167,120.26,14.8,207,240,120.206116,14.852058,0.005613520820001031
133168,120.26,14.8,208,240,120.32181000000001,14.852058,0.006530511464000912
132613,120.26,14.8,207,239,120.206116,14.727935999999998,0.008096705552001555
132614,120.26,14.8,208,239,120.32181000000001,14.727935999999998,0.009013696196001435
129301,121.58,14.03,219,233,121.596985,13.984306,0.002376431861000112
129855,121.58,14.03,219,234,121.596985,14.108116,0.006390599681000402
129300,121.58,14.03,218,233,121.480896,13.984306,0.011909544451999331
129854,121.58,14.03,218,234,121.480896,14.108116,0.01592371227199962
112701,123.96,10.3,239,203,123.92468000000001,10.298325,0.0012503080249989052
112702,123.96,10.3,240,203,124.04135,10.298325,0.00662062812500008
113255,123.96,10.3,239,204,123.92468000000001,10.420197,0.015694821208998715
112147,123.96,10.3,239,202,123.92468000000001,10.176537,0.01649061476899915
109376,123.85,9.6,238,197,123.808075,9.568741000000001,0.0027348307059992406
109377,123.85,9.6,239,197,123.92468000000001,9.568741000000001,0.006554227481002146
109930,123.85,9.6,238,198,123.808075,9.690132,0.009881483048999426
109931,123.85,9.6,239,198,123.92468000000001,9.690132,0.01370087982400233
112155,124.83,10.13,247,202,124.85843,10.176537,0.0029739572689999115
111601,124.83,10.13,247,201,124.85843,10.05481,0.006461801000000157
112154,124.83,10.13,246,202,124.74163999999999,10.176537,0.00997318196900143
111600,124.83,10.13,246,201,124.74163999999999,10.05481,0.013461025700001676
108264,123.3,9.3,234,195,123.3418,9.326172,0.0024322135840007123
108263,123.3,9.3,233,195,123.22531000000001,9.326172,0.006263569683998408
107710,123.3,9.3,234,194,123.3418,9.205017,0.010769010289000942
107709,123.3,9.3,233,194,123.22531000000001,9.205017,0.014600366388998639
117142,125.0,11.25,248,211,124.97522,11.275352499999999,0.0012567976562502692
117143,125.0,11.25,249,211,125.09204,11.275352499999999,0.009114110856249419
116588,125.0,11.25,248,210,124.97522,11.152977,0.01002751092900036
116589,125.0,11.25,249,210,125.09204,11.152977,0.017884824128999506
110498,125.5,9.8,252,199,125.44256599999999,9.811622999999999,0.0034337584850016693
110499,125.5,9.8,253,199,125.55945,9.811622999999999,0.0036693966289997513
109944,125.5,9.8,252,198,125.44256599999999,9.690132,0.015369641780001822
109945,125.5,9.8,253,198,125.55945,9.690132,0.015605279923999904
118231,122.75,11.58,229,213,122.75952,11.52034,0.0036499460000000137
118785,122.75,11.58,229,214,122.75952,11.642928999999999,0.004050689440999736
118230,122.75,11.58,228,213,122.64313,11.52034,0.014980512500000258
118784,122.75,11.58,228,214,122.64313,11.642928999999999,0.015381255940999981
104940,123.35,8.6,234,189,123.3418,8.600487,6.74771689998028e-05
104941,123.35,8.6,235,189,123.45833999999999,8.600487,0.011737792768999637
104386,123.35,8.6,234,188,123.3418,8.4798355,0.014506747060249698
105494,123.35,8.6,234,190,123.3418,8.721222000000001,0.014762013284000113
119357,124.88,11.78,247,215,124.85843,11.7655945,0.0006727833302498334
119358,124.88,11.78,248,215,124.97522,11.7655945,0.009274366830249514
119911,124.88,11.78,247,216,124.85843,11.888313,0.012196970869000037
118803,124.88,11.78,247,214,124.85843,11.642928999999999,0.019253723941000035
141270,96.16,16.76,0,255,97.63866999999999,16.718895,2.188154589924982
141824,96.16,16.76,0,256,97.63866999999999,16.843657999999998,2.1934636298639814
140716,96.16,16.76,0,254,97.63866999999999,16.594177,2.213962236228983
142378,96.16,16.76,0,257,97.63866999999999,16.968452,2.229917205203981
141270,95.65,16.73,0,255,97.63866999999999,16.718895,3.95493168992494
141824,95.65,16.73,0,256,97.63866999999999,16.843657999999998,3.9677265098639394
140716,95.65,16.73,0,254,97.63866999999999,16.594177,3.9732562562289404
142378,95.65,16.73,0,257,97.63866999999999,16.968452,4.01166772520394
140162,97.61,16.5,0,253,97.63866999999999,16.46949,0.0017528289999994644
140716,97.61,16.5,0,254,97.63866999999999,16.594177,0.009691276228999188
140163,97.61,16.5,1,253,97.73877,16.46949,0.017512573000000732
139608,97.61,16.5,0,252,97.63866999999999,16.344832999999998,0.024898766789000194
141270,97.66,16.75,0,255,97.63866999999999,16.718895,0.0014224899250002687
141271,97.66,16.75,1,255,97.73877,16.718895,0.0071722339250009206
141824,97.66,16.75,0,256,97.63866999999999,16.843657999999998,0.009226789863999846
141825,97.66,16.75,1,256,97.73877,16.843657999999998,0.0149765338640005
151242,96.46,18.91,0,273,97.63866999999999,18.968689,1.3927073676209927
150688,96.46,18.91,0,272,97.63866999999999,18.843513,1.3936834900689923
151796,96.46,18.91,0,274,97.63866999999999,19.09388,1.423074823299992
150134,96.46,18.91,0,271,97.63866999999999,18.71836,1.4259888584999922
147921,97.93,18.16,3,267,97.93927,18.21791,0.0034395009999997144
147367,97.93,18.16,3,266,97.93927,18.09285,0.004595055399999966
147920,97.93,18.16,2,267,97.83896,18.21791,0.011641849700001178
147366,97.93,18.16,2,266,97.83896,18.09285,0.012797404100001429
141279,98.55,16.66,9,255,98.54318,16.718895,0.0035151334249998345
140725,98.55,16.66,9,254,98.54318,16.594177,0.004379179729000099
141280,98.55,16.66,10,255,98.644196,16.718895,0.012341507440999325
140726,98.55,16.66,10,254,98.644196,16.594177,0.013205553744999592
87693,114.93,4.93,161,158,114.93042,4.902977,0.0007304189289999817
88247,114.93,4.93,161,159,114.93042,5.02079,0.00824300050000002
87692,114.93,4.93,160,158,114.816895,4.902977,0.013522983554000995
87694,114.93,4.93,162,158,115.043945,4.902977,0.013713705553996995
89358,115.25,5.3,164,161,115.27123999999999,5.256729,0.0023235170409996336
89912,115.25,5.3,164,162,115.27123999999999,5.3748474,0.006053270886759699
89357,115.25,5.3,163,161,115.15756,5.256729,0.0104175330409993
89911,115.25,5.3,163,162,115.15756,5.3748474,0.014147286886759366
22404,124.56,-8.21,244,40,124.50811999999999,-8.173805,0.004001612425001246
22405,124.56,-8.21,245,40,124.62488,-8.173805,0.0055194924250003725
21850,124.56,-8.21,244,39,124.50811999999999,-8.276978,0.007177586884001016
21851,124.56,-8.21,245,39,124.62488,-8.276978,0.008695466884000143
151796,72.85,19.11,0,274,97.63866999999999,19.09388,614.4784202232998
152350,72.85,19.11,0,275,97.63866999999999,19.219078,614.4900583789838
151242,72.85,19.11,0,273,97.63866999999999,18.968689,614.4981291676208
152904,72.85,19.11,0,276,97.63866999999999,19.3443,614.5330568588998
149026,73.85,18.53,0,269,97.63866999999999,18.46811,565.9046507409998
149580,73.85,18.53,0,270,97.63866999999999,18.593224,565.9048176430758
148472,73.85,18.53,0,268,97.63866999999999,18.34301,565.9357856289998
150134,73.85,18.53,0,271,97.63866999999999,18.71836,565.9362998584999
155674,73.78,20.0,0,281,97.63866999999999,19.97052,569.2370032392995
156228,73.78,20.0,0,282,97.63866999999999,20.095795000000003,569.2453108509245
155120,73.78,20.0,0,280,97.63866999999999,19.845253,569.2600808029085
156782,73.78,20.0,0,283,97.63866999999999,20.22107,569.2850061137996
118002,43.15,11.55,0,213,97.63866999999999,11.52034,2969.016038084499
118556,43.15,11.55,0,214,97.63866999999999,11.642928999999999,2969.0237941679397
117448,43.15,11.55,0,212,97.63866999999999,11.397803999999999,2969.038321991315
119110,43.15,11.55,0,215,97.63866999999999,11.7655945,2969.061639357329
84208,73.53,4.19,0,152,97.63866999999999,4.198265,581.2280374791244
83654,73.53,4.19,0,151,97.63866999999999,4.081192,581.2398083497634
84762,73.53,4.19,0,153,97.63866999999999,4.3154525999999995,581.2437075237463
83100,73.53,4.19,0,150,97.63866999999999,3.9642105000000005,581.2789500672097
73128,73.5,1.88,0,132,97.63866999999999,1.8772811999999999,582.675396760773
73682,73.5,1.88,0,133,97.63866999999999,1.9922638,582.6879925296901
72574,73.5,1.88,0,131,97.63866999999999,1.7624054,582.6892178588487
74236,73.5,1.88,0,134,97.63866999999999,2.1073685,582.7270858036918
95842,73.16,6.73,0,173,97.63866999999999,6.6807175,599.207713733706
96396,73.16,6.73,0,174,97.63866999999999,6.8000107000000005,599.2101864670142
95288,73.16,6.73,0,172,97.63866999999999,6.561516,599.2336718271557
96950,73.16,6.73,0,175,97.63866999999999,6.919403,599.2411584653087
175618,54.46,24.43,0,317,97.63866999999999,24.475372,1864.399601587283
175064,54.46,24.43,0,316,97.63866999999999,24.350616,1864.4038447883552
176172,54.46,24.43,0,318,97.63866999999999,24.600105,1864.4264786799242
174510,54.46,24.43,0,315,97.63866999999999,24.225807,1864.439237750148
175618,54.65,24.43,0,317,97.63866999999999,24.475372,1848.0278069872832
175064,54.65,24.43,0,316,97.63866999999999,24.350616,1848.0320501883552
176172,54.65,24.43,0,318,97.63866999999999,24.600105,1848.0546840799243
174510,54.65,24.43,0,315,97.63866999999999,24.225807,1848.0674431501482
174510,55.6,24.26,0,315,97.63866999999999,24.225807,1767.250944530148
175064,55.6,24.26,0,316,97.63866999999999,24.350616,1767.257986628355
173956,55.6,24.26,0,314,97.63866999999999,24.100983,1767.275061775188
175618,55.6,24.26,0,317,97.63866999999999,24.475372,1767.296160467283
178942,55.33,25.25,0,323,97.63866999999999,25.223137,1790.0242787896682
179496,55.33,25.25,0,324,97.63866999999999,25.347603,1790.0330835145082
178388,55.33,25.25,0,322,97.63866999999999,25.098618,1790.0464736788233
180050,55.33,25.25,0,325,97.63866999999999,25.472038,1790.0728580423433
195562,50.83,28.98,0,353,97.63866999999999,28.93192,2191.0538988552994
196116,50.83,28.98,0,354,97.63866999999999,29.054416999999997,2191.0571250587886
195008,50.83,28.98,0,352,97.63866999999999,28.809340999999996,2191.0807116631804
196670,50.83,28.98,0,355,97.63866999999999,29.176826000000002,2191.0903276431754
195562,50.85,28.95,0,353,97.63866999999999,28.93192,2189.1799672552993
196116,50.85,28.95,0,354,97.63866999999999,29.054416999999997,2189.190543278788
195008,50.85,28.95,0,352,97.63866999999999,28.809340999999996,2189.19942532318
196670,50.85,28.95,0,355,97.63866999999999,29.176826000000002,2189.231090403175
197224,50.26,29.26,0,356,97.63866999999999,29.29914,2244.7399029084995
196670,50.26,29.26,0,355,97.63866999999999,29.176826000000002,2244.7452888831754
197778,50.26,29.26,0,357,97.63866999999999,29.421368,2244.764410600323
196116,50.26,29.26,0,354,97.63866999999999,29.054416999999997,2244.780635338788
200548,48.5,29.98,0,362,97.63866999999999,30.031094,2414.6114999657348
199994,48.5,29.98,0,361,97.63866999999999,29.909351,2414.6138806501
201102,48.5,29.98,0,363,97.63866999999999,30.152737,2414.6387274400677
199440,48.5,29.98,0,360,97.63866999999999,29.787495,2414.6459475439237
199440,48.36,29.78,0,360,97.63866999999999,29.787495,2428.387373143924
198886,48.36,29.78,0,359,97.63866999999999,29.665553999999997,2428.400414855815
199994,48.36,29.78,0,361,97.63866999999999,29.909351,2428.4040486501
198332,48.36,29.78,0,358,97.63866999999999,29.543499,2428.4432496919003
200548,48.1,30.0,0,362,97.63866999999999,30.031094,2454.080792205735
199994,48.1,30.0,0,361,97.63866999999999,29.909351,2454.0880426101
201102,48.1,30.0,0,363,97.63866999999999,30.152737,2454.103153960068
199440,48.1,30.0,0,360,97.63866999999999,29.787495,2454.124983743924
202210,48.25,30.36,0,365,97.63866999999999,30.395721,2439.24200035874
201656,48.25,30.36,0,364,97.63866999999999,30.274279999999997,2439.248072287299
202764,48.25,30.36,0,366,97.63866999999999,30.517075,2439.265396924524
201102,48.25,30.36,0,363,97.63866999999999,30.152737,2439.283682320068
197778,48.28,29.46,0,357,97.63866999999999,29.421368,2436.279796600323
198332,48.28,29.46,0,358,97.63866999999999,29.543499,2436.2852762519
197224,48.28,29.46,0,356,97.63866999999999,29.29914,2436.304180108499
198886,48.28,29.46,0,359,97.63866999999999,29.665553999999997,2436.320556615815
197224,48.05,29.33,0,356,97.63866999999999,29.29914,2459.0371447084995
197778,48.05,29.33,0,357,97.63866999999999,29.421368,2459.044540480323
196670,48.05,29.33,0,355,97.63866999999999,29.176826000000002,2459.0596546431752
198332,48.05,29.33,0,358,97.63866999999999,29.543499,2459.0817741919004
178942,51.56,25.25,0,323,97.63866999999999,25.223137,2123.244550589668
179496,51.56,25.25,0,324,97.63866999999999,25.347603,2123.253355314508
178388,51.56,25.25,0,322,97.63866999999999,25.098618,2123.266745478823
180050,51.56,25.25,0,325,97.63866999999999,25.472038,2123.2931298423428
183374,50.65,26.26,0,331,97.63866999999999,26.217594000000002,2207.9369066377353
183928,50.65,26.26,0,332,97.63866999999999,26.341671,2207.9417785211403
182820,50.65,26.26,0,330,97.63866999999999,26.09346,2207.962843940499
184482,50.65,26.26,0,333,97.63866999999999,26.465671999999998,2207.9774093404835
183374,50.16,26.26,0,331,97.63866999999999,26.217594000000002,2254.2259032377356
183928,50.16,26.26,0,332,97.63866999999999,26.341671,2254.2307751211406
182820,50.16,26.26,0,330,97.63866999999999,26.09346,2254.2518405404994
184482,50.16,26.26,0,333,97.63866999999999,26.465671999999998,2254.2664059404838
