time,48806,48917,48916,48802,48803,56778
2019010100,283.6827471024688,300.05515110053767,301.23553803764804,281.2345371588323,282.23806477371585,280.15152220811655
2019010106,287.110638460239,301.1699609855864,300.4207928453665,283.5019134134502,284.813454454684,285.260570718741
2019010112,285.2307629678038,302.26291185328125,302.09797563142916,281.99960276621874,283.1382588520172,282.0155002333852
2019010118,284.25108155367013,301.2216277538774,301.1580378852115,281.4690247995378,282.47056523102543,280.5469717038825
2019010200,284.2053763355665,299.35566254521285,300.67912668682163,281.1391523558335,282.29569309219426,280.12568882397096
2019010206,288.7997443466765,298.75553315967863,298.81912302834456,285.8785847548376,286.67345811316113,285.94217462350343
2019010212,286.5502527426209,298.89662318078115,298.98207206680087,283.8615936080916,283.7940293726341,283.2217205546412
2019010218,286.0991621117724,298.45546846691155,298.8707897966356,283.09255363391355,285.4573018749261,280.5370357869034
2019010300,285.5546738613207,298.7853409106158,299.4053421301081,282.3374239435062,283.2097974542663,280.12767600736686
2019010306,291.23801837333394,300.22604887257717,299.1450211052572,290.14109313884745,290.7034660398613,286.8801251863252
2019010312,288.46788471957643,301.0407940648588,299.8544455775609,287.02320239082337,286.16076479704236,283.3806952263059
2019010318,285.9123668725663,299.24636745844344,299.2940598599429,283.8556320579042,284.761787686393,279.7004315772679
2019010400,285.46525060850934,299.147008288653,299.3695728289836,281.3875502803096,282.6533861034398,277.5284401256489
2019010406,293.78956185355236,299.2602777422141,298.96021304944696,292.67077760171213,294.07770344594473,287.5180110563798
2019010412,292.17199456936413,300.46252369667843,299.3914318463375,289.24487342733767,289.0083986032364,283.3826824097017
2019010418,287.7207037627523,299.81470190964484,299.3616240954004,286.2303162158957,285.5189045601961,279.7819060964961
2019010500,287.34711328434025,299.2761752093806,299.76303514135367,285.936213073316,285.67986641525664,278.05901809232984
2019010506,297.1975813773645,301.1302173176702,300.6711779532384,294.7215508661868,295.90988653688044,289.3283351299617
2019010512,293.326548122329,301.47598722854093,301.41835891006247,290.19673427393013,288.5076283874926,283.1938999870998
2019010518,290.0159005849115,299.92995854660165,300.1644461873072,286.2342905826873,288.13801227587214,279.2036357283157
2019010600,290.000003117745,299.1867519565692,299.989574048476,287.2318566473833,287.73461404652295,278.14645416174545
2019010606,295.3753342034079,301.01098631392165,300.768549939633,293.0403937133325,293.83129270486444,291.65731406984963
2019010612,293.45372785966066,301.1818840859612,300.8838065765899,291.5321215159136,292.1660330191766,286.2342905826873
2019010618,289.7933360445809,300.0809844846832,300.32739522576344,287.8816656178128,289.1097449564227,280.9066518985239
2019010700,290.3338499282409,299.65970160477167,300.30951057520116,287.11858719382224,288.4380769686393,278.8856863849864
2019010706,295.2402057324929,300.5658572332605,300.9255374279019,293.4139841917446,293.05231681370736,291.1664797710848
2019010712,293.5153305449308,301.4481666609996,301.1361788678576,290.53852981800924,290.86840226171347,285.99582857519033
2019010718,290.99359481564943,300.10880505222445,299.9458560137681,289.06205255492324,289.6343613729162,284.21133788575395
2019010800,290.97968453187883,299.47886791575314,300.04720236695437,288.68647489311536,289.5051944521886,282.5619756672326
2019010806,293.3742405238284,300.3194464921802,300.6930369705923,290.02782368528636,289.3700659812736,281.6160763708276
2019010812,291.7407757724736,301.0030375803385,300.90367841054797,287.8001910985846,288.26519201320394,279.36857195016785
2019010818,289.3263479465658,299.63188103723036,300.02534334960046,285.87659757144166,287.2080104466336,279.12216120908755
2019010900,288.18769186076736,299.1430339218614,299.697458089292,284.7677492365804,285.6401227473405,280.20716334319917
2019010906,289.73372054270664,300.31547212538857,300.37111326047125,287.44448527073484,287.3669851182983,286.0017901253777
2019010912,287.9909607045824,301.59323104889364,301.3865639757296,286.5601886596,287.1682667787174,282.7746042905842
2019010918,287.43057498696425,300.10483068543283,300.23598478955626,285.0081984274733,286.258136783437,280.1634453084914
2019011000,287.5239726065672,299.500726933107,299.88425332849806,285.4910839926548,286.40717553812266,281.3577425293725
2019011006,293.2589838868715,301.1341916844618,300.47842116384487,291.112825819398,291.2976338752082,288.06846085701886
2019011012,292.3269948742372,301.62502598322664,301.2891919893349,289.1534629911305,289.82910534570544,284.3802484743977
2019011018,289.30647611260775,300.6354086521138,300.2956002914305,287.30339524963244,287.12454874400964,280.3065225129896
2019011100,289.5886561548126,299.47688073235724,299.86438149454,286.4807013237676,286.476726956976,277.95171018895616
2019011106,295.23623136570126,300.17438210428617,300.43867749592874,292.338917974612,293.31661220534994,288.8911547828837
2019011112,295.4746933731983,301.2216277538774,300.9175886943186,290.2821831599498,290.6537864549661,284.55313342983305
2019011118,290.3815423297404,300.46053651328265,300.6195111849473,287.3053824330283,287.9710888706242,280.35421491448903
2019011200,289.69795124158213,299.96970221451784,300.28963874124304,286.196534098167,286.5582014762041,279.65870072595595
2019011206,295.66745016259176,300.51617764836533,300.5261135653443,293.00462441220793,294.04988287840337,289.76750266043535
2019011212,292.58532871569236,301.24944832141875,300.7884217735911,291.0810308850651,290.9160946632129,285.2903784696781
2019011218,289.4316686665437,300.39495946122094,300.50028018119883,285.82095643635915,288.45000006901415,279.5712646565404
2019011300,289.41775838277306,300.1107922356203,300.4963058144072,285.51095582661287,286.95365097197015,278.0828642930796
2019011306,297.22341476151007,300.24194633974366,300.6314342853222,294.1194342972567,294.9361666729341,291.0055179160243
2019011312,292.422379677236,301.29714072291813,301.1481019682325,290.8525047945471,290.62000433723733,285.52884047717515
2019011318,288.83750083119685,300.74470373888335,300.5539341328856,285.74345628392257,288.9905139526741,280.0919067062423
2019011400,287.7703833476475,299.4629704485866,300.10880505222445,284.90486489089125,288.5851285399292,278.33324940095144
2019011406,297.1916198271772,300.03527926657955,300.1405999865574,293.6226384483045,294.552640277543,290.2980806271164
2019011412,295.36142391963716,300.77649867321617,300.31745930878435,291.0571846843153,290.5564144685715,285.0658267459517
2019011418,290.45506811538525,300.2816900076598,299.9180354462268,286.53634245885024,290.2662856927834,280.4178047831549
2019011500,291.8262246584933,299.22450844108954,299.4629704485866,286.01967477594,289.38795063183585,280.4058816827801
2019011506,296.0171944402541,299.697458089292,299.9458560137681,293.34443277289125,293.24904796989244,286.4230730052892
2019011512,293.4219329253278,300.64534456909286,300.1684205540987,289.366091614482,289.41775838277306,282.8739634603746
2019011518,288.99448831946575,300.3373311427425,299.7729710583328,285.5864687956537,286.48865005735087,279.40235406789657
2019011600,287.53788289033787,299.4391242478369,299.16290575581945,284.6147361151032,286.0633928106477,277.76094058295854
2019011606,287.91147336875,299.4530345316076,299.2940598599429,285.80108460240103,287.01127929044856,283.9112731929868
2019011612,285.8527513706921,300.62348555173895,300.11476660241186,284.0841581484222,285.73948191713095,281.2623577263737
2019011618,284.7975569875176,298.7754049936368,299.5782270855435,282.7368478060638,284.79159543733016,279.762034262538
2019011700,285.60634062961174,299.49277819952374,299.9220098130185,282.13473123713374,283.7761447220718,276.65606661488886
2019011706,289.51314318577187,300.4188056619706,300.64931893588454,289.3641044310862,289.42570711635625,287.30736961642407
2019011712,287.43454935375587,301.7263723364128,301.5773335817272,285.54076357755,285.675892048465,283.5436442647622
2019011718,286.5860220437454,300.50624173138624,300.1405999865574,284.26300465404495,285.47518652548837,279.1499817766289
2019011800,286.8980098368875,299.6020732862932,300.17636928768195,284.6226848486864,286.0077516755651,278.5419036575114
2019011806,293.25302233668407,301.14214041804513,300.02931771639214,288.7858340629058,289.28859146204553,287.9035246351667
2019011812,292.6350083005875,301.45015384439535,300.70496007096716,287.6253189597535,288.0028838049572,284.7637748697888
2019011818,286.1289698627095,300.34329269292994,300.34527987632566,285.46127624171766,286.3952524377478,281.1073574215006
2019011900,286.06140562725193,299.59809891950164,300.06906138430827,286.15877761364663,286.86224053576285,278.34318531793053
2019011906,295.63366804486304,300.6075880845725,299.9518175639556,291.6056473015585,293.11590668237324,289.1653860915053
2019011912,293.03045779635346,300.78047304000785,300.2816900076598,289.4714123344599,290.72333787381945,285.06185237916014
2019011918,288.32083314828657,300.2339976061604,300.1723949208903,285.88454630502497,288.05455057324815,280.1217144571794
2019012000,287.7783320812308,299.2165597075063,299.80675317606153,284.90486489089125,285.29236565307394,277.1151059793207
2019012006,294.60033267904237,299.7928428922909,300.0233561662047,291.17244132127223,292.3051358568832,288.15192255964286
2019012012,292.4442386945898,300.6711779532384,300.3293824091592,287.5180110563798,289.30448892921186,283.70063175303113
2019012018,291.22410808956323,300.19425393824423,299.687522172313,287.4186518865894,289.49525853520964,279.3904309675217
2019012100,289.9721825502037,298.70784075817926,298.83303331211516,286.78672756672216,288.7282057444274,275.85721888977366
2019012106,289.6721178574365,299.1609185724237,299.6259194870429,288.08833269097687,289.12762960698495,280.3939585824052
2019012112,288.30692286451585,299.4947653829195,300.14258716995323,285.59839189602855,286.32967538568613,280.759600327234
2019012118,286.67345811316113,299.780919791916,298.9025847309685,283.67877273567717,284.92871109164093,279.6308801584146
2019012200,286.04352097668965,298.8747641634272,298.96021304944696,283.2455667553909,284.5451846962498,278.4306213873461
2019012206,290.2106445577008,299.68156062212563,299.1549570222362,287.16627959532167,288.24929454603745,283.8397345907377
2019012212,286.4826885071634,300.5936778008018,299.7431633073957,285.99781575858606,287.1364718443845,282.32550084313135
2019012218,284.9068520742871,300.00149714885083,299.5285475006483,285.4453787745512,286.6277528950575,279.66267509274763
2019012300,285.15922436555473,298.6780330072421,299.0158541845296,285.62819964696564,286.41114990491434,279.88126526628656
2019012306,293.6623821162207,299.9438688303723,299.69348372250045,289.92647733210015,289.9761569169953,288.40429485091056
2019012312,292.0825713165527,300.6075880845725,300.01938179941305,287.45442118771393,286.63172726184916,284.47165891060484
2019012318,284.81941600487136,299.16290575581945,299.51066285008596,283.8337730405503,284.8015313543092,280.2310095439489
2019012400,285.04595491199365,298.66412272347145,299.1748288561943,284.8671084063708,285.06781392934755,277.4867092743369
2019012406,294.646037897146,299.0814312365913,299.41527804708716,291.3373775431244,291.7526988728484,290.32987556144934
2019012412,290.218593291284,300.54002384911496,300.1485487201406,288.73416729461485,287.7703833476475,285.83089235333813
2019012418,285.63217401375726,299.1311108214865,299.48681664933633,283.867555158279,283.58934948286577,281.43524268180903
2019012500,285.16319873234636,298.30046816203844,298.59457130461817,282.33344957671466,283.9112731929868,278.9890199215684
2019012506,295.54623197544737,298.918482198135,299.2761752093806,291.29167232502067,290.8922484624632,289.9523107162456
2019012512,290.47891431613493,300.24393352313945,300.01540743262143,286.7708300995557,287.65910107748226,284.46172299362587
2019012518,287.43057498696425,300.8241910747157,300.2995746582221,283.53569553117893,285.4871096258632,278.26568516549395
2019012600,288.0903198743728,298.6780330072421,299.4371370644411,284.4855691943756,286.24422649966635,279.1102381087128
2019012606,294.1353317644232,298.7277125921373,299.47886791575314,291.49436503139333,292.1859048531348,287.95320422006193
2019012612,290.9518639643374,300.1604718205155,299.4987397497112,288.2989741309326,288.38641020034834,285.33608368778175
2019012618,288.25128172943334,300.06111265072514,299.67559907193817,285.0976216802847,286.65159909580717,280.62844622311064
2019012700,287.3928185024438,298.63630215593014,299.05559785244577,283.5317211643873,286.570124576579,277.74305593239626
2019012706,294.1552035983812,300.6056009011767,299.44707298142015,291.029364116774,291.94148129545016,290.9757101650872
2019012712,292.13026371805205,300.92156306111025,299.9041251624562,288.4321154184519,288.79378279648915,285.9600592740657
2019012718,286.50852189130893,300.5539341328856,299.97765094810114,284.93864700862,287.19012579607136,280.7516515936508
2019012800,284.98236504332783,299.61399638666813,299.06553376942486,283.74037542094726,287.69884474539845,279.3069692648978
2019012806,298.34418619674625,300.3591901600964,299.76104795795794,293.83129270486444,293.68622831697036,291.28769795822916
2019012812,292.7919957888564,300.28566437445147,300.11476660241186,290.759107174944,289.948336349454,286.7151889644731
2019012818,289.1812835586718,300.4963058144072,299.96175348093465,285.4871096258632,287.51999823977565,282.11287221977983
2019012900,288.4062820343064,298.66809709026313,299.3755343791711,285.08569857990983,288.0863455075812,279.79184201347516
2019012906,297.15585052605263,299.57027835196027,299.7232914734376,292.9668679276876,293.03641934654087,290.92603058019193
2019012912,294.0896265463196,300.9255374279019,300.9195758777145,290.57827348592537,290.759107174944,287.22788228059176
2019012918,290.14109313884745,300.009445882434,300.3055362084096,286.393265254352,288.19166622755904,284.3524279068564
2019013000,290.1530162392223,299.1311108214865,299.5126500334818,285.6679433148818,288.05256338985237,285.1492884485757
2019013006,298.47335311747383,300.53008793213587,300.21015140541067,293.2569967034757,295.28591095059653,287.0430742247815
2019013012,293.05231681370736,301.75618008735,300.90963996073543,291.33340317633275,292.08058413315683,284.13979928350483
2019013018,290.12718285507685,299.69348372250045,299.8206634598322,285.3539683383441,287.79422954839725,278.8717761012157
2019013100,287.49217767223433,299.0516234856542,299.500726933107,284.9406341920158,288.6765389761363,275.8770907237318
2019013106,298.72969977553316,299.69348372250045,300.07502293449573,294.6420635303544,295.46475745621933,289.4217327495647
2019013112,293.8273183380728,301.33489720743853,300.89771686036056,291.0850052518566,291.9613531294084,285.0439677285978
2019013118,290.65577363836195,300.14258716995323,300.0491895503502,287.61538304277445,290.09340073734796,279.2771615139606
2019020100,290.6676967387368,298.9204693815308,299.24636745844344,286.7330736150353,289.51513036916765,278.8439555336743
2019020106,297.203542927552,299.7093811896669,300.3333567759508,293.70411296753264,294.0995624632986,291.77654507359813
2019020112,294.3777681387119,301.4481666609996,300.7029728875713,291.5043009483723,291.174428504668,287.53788289033787
2019020118,289.77743857741444,300.1644461873072,300.1783564710778,286.18063663100054,289.11769369000586,282.68716822116863
2019020200,289.1196808734017,299.6736118885423,300.05515110053767,285.41557102361406,288.44205133543085,280.22504799376145
2019020206,299.272200842589,300.2061770386191,300.77848585661206,295.4130906879282,296.7703369472657,291.99513524713706
2019020212,294.8527049703101,301.3806024255421,300.53406229892755,292.5137901134432,292.50981574665155,287.9074990019584
2019020218,291.38506994462375,299.88027896170644,300.2399591563478,288.12410199210154,287.7723705310433,282.8282582422711
2019020300,289.3362838635448,299.500726933107,299.7968172590825,285.99582857519033,286.2919189011658,279.34472574941816
2019020306,301.20970465350257,299.80675317606153,300.4009210114084,296.7842472310363,298.7396356925122,291.3791083944364
2019020312,295.01366682537065,300.86790910942335,300.6691907698425,293.4755868770146,293.52129209511827,286.73903516522273
2019020318,290.29410626032467,300.7109216211545,300.31547212538857,287.2596772149247,289.3939121820233,280.2528685613028
2019020400,288.05852494003983,299.5027141165028,299.70143245608364,285.1552499987631,287.16627959532167,279.897162733453
2019020406,301.2136790202942,299.89816361226866,299.95777911414297,296.38482336847875,297.0763631902202,290.6915429394865
2019020412,295.4071291377408,300.67912668682163,300.3889979110335,294.3261013704208,293.2271889525385,286.65159909580717
2019020418,290.52660671763437,299.89418924547715,300.0849588514748,288.3287818818698,289.0203217036113,282.92364304526984
2019020500,287.9909607045824,299.6696375217507,299.54444496781474,285.4573018749261,286.63172726184916,277.9835051232891
2019020506,301.5693848481439,299.3000214101303,299.81271472624894,296.92533725213883,299.1589313890278,291.4327623461232
2019020512,294.1750754323393,300.1187409692035,299.9557919307472,293.40603545816134,293.6643692996165,287.07685634251027
2019020518,290.3994269803026,299.99156123187174,299.81271472624894,286.53634245885024,287.47230583827616,282.2301160401325
2019020600,287.1682667787174,299.1708544894027,299.41527804708716,285.57057132848723,285.7156357163812,278.83004524990366
2019020606,301.8575264405362,299.22053407429786,299.5245731338567,296.2954001156673,298.88668726380206,291.7069936547448
2019020612,297.57315903917237,300.3691260770754,299.7988044424783,293.3821892574116,297.2949533637592,287.74454996350204
2019020618,291.48641629781,300.10284350203705,299.60604765308483,287.692883195211,287.2477541145498,282.00158994961447
2019020700,287.9174349189374,299.8266250100196,299.5225859504609,284.68428753395636,283.9470424941114,278.52799337374074
2019020706,303.3816961051216,299.89021487868547,300.1982283050358,297.93482641720965,300.48438271403234,292.8615472077097
2019020712,297.4141843675077,300.7109216211545,300.3293824091592,294.01610076067465,297.2830302633843,288.9348728175915
2019020718,292.04084046524065,300.4009210114084,300.3234208589718,288.4301282350561,287.44249808733906,283.6946702028437
2019020800,289.6542332068742,299.9458560137681,299.822650643228,286.9377535048036,285.2029424002625,282.0651798182804
2019020806,303.6618889639306,299.99156123187174,300.34329269292994,298.0918139054785,301.39649989270856,295.27994940040907
2019020812,297.1320043253029,300.6036137177808,300.5360494823234,294.8209100359772,299.1410467384656,291.0969283522315
2019020818,292.46013616175634,300.54399821590664,300.03726644997533,288.53544895503387,288.3963461173273,284.5551206132289
2019020900,288.8176289972388,300.0809844846832,299.66765033835486,286.4508935728305,285.20691676705417,281.37761436333057
2019020906,304.3116979343601,300.15848463711967,300.1783564710778,299.0714953196122,300.6870754204048,296.1304638938152
2019020912,296.43649013676975,300.68508823700904,300.1843180212652,296.16225882814814,294.8169356691856,291.83218620868075
2019020918,290.76506872513136,300.144574353349,299.8385481103945,289.0083986032364,290.8306457771931,285.59839189602855
2019021000,290.09737510413964,299.34373944483815,299.552393701398,287.05301014176047,290.4312219146356,283.07466898335133
2019021006,302.8312463044825,299.96175348093465,299.89617642887293,298.1633525077276,298.4912377680361,293.88693383994706
2019021012,298.54687890311874,301.59323104889364,300.42278002876225,293.6921898671578,294.2545627681717,290.3656448625738
2019021018,293.783600303365,300.39495946122094,300.3015618416179,289.6939768747904,292.03686609844914,286.24422649966635
2019021100,293.2550095200798,299.272200842589,299.89816361226866,288.60102600709564,291.19827470541776,281.89229486284506
2019021106,299.5245731338567,300.41284411178316,300.4287415789497,295.5879628267594,293.42789447551525,293.1417400665188
2019021112,294.9759103408503,300.9056655939438,299.4311755142536,291.34135190991594,290.77897900890207,289.70987434195695
2019021118,292.3448795247994,300.7208575381336,300.55989568307314,287.98102478760325,288.7182698274484,286.341598486061
2019021200,291.74673732266103,300.2717540906808,300.21611295559813,288.60301319049137,289.05012945454837,282.1645389880709
2019021206,297.61687707388023,302.0860525310543,301.3329100240427,293.7617412860111,292.0964816003233,293.6246256317003
2019021212,295.9396942878176,302.04233449634637,301.8495777069529,292.42039249384015,291.49237784799743,290.4769271327392
2019021218,292.2892383897168,300.54399821590664,300.3075233918054,289.80327196156003,290.00795185132824,283.79204218923826
2019021300,291.6692371702244,299.8683558613316,299.99354841526764,289.06205255492324,289.4733995178557,280.54895888727833
2019021306,299.78886852549925,300.71887035473776,300.45258777969934,295.3296289853043,295.4866164735732,293.6921898671578
2019021312,299.06752095282064,301.9648343439099,301.03085814787977,293.9386006082381,292.62705956700427,289.636348556312
2019021318,292.5435978643804,299.780919791916,299.7868813421034,287.7048062955858,289.1971810258383,283.19588717049567
2019021400,291.03532566696134,299.20662379052726,299.9259841798101,287.1285231108012,289.89865676455884,281.3815887301222
2019021406,301.79194938847456,300.09688195184964,300.3373311427425,296.70475989520395,295.13687219591077,294.324114187025
2019021412,298.20508335903963,301.5813079485188,300.53406229892755,293.2192402189553,292.10045596711495,289.9860928339744
2019021418,291.65731406984963,299.89816361226866,299.90015079566456,288.6427568584076,290.52859390103015,283.55159299834537
2019021500,291.466544463852,299.0158541845296,299.2642521090057,287.46833147148465,289.9880800173702,280.98812641775197
2019021506,301.1341916844618,300.09489476845386,300.10681786882867,296.79418314801535,296.3232206832086,294.2426396677968
2019021512,297.66854384217123,301.93303940957696,300.6195111849473,294.365845038337,292.7403290205653,291.4784675642268
2019021518,292.2415459882173,300.61354963475986,300.1843180212652,289.7416692762899,290.37756796294866,285.97396955783637
2019021600,290.54647855159243,299.0436747520709,299.5404706010231,288.05852494003983,289.73769490949826,283.6151828670113
2019021606,302.61265613094355,299.4311755142536,300.4029081948042,297.5910436897347,297.30290209734244,294.2128319168597
2019021612,297.5274538210688,300.39495946122094,300.0889332182664,294.9023845552053,294.7672560842904,291.2201337227716
2019021618,293.3821892574116,300.3413055095341,299.7789326085202,288.7679494123436,291.7407757724736,284.4796076441881
2019021700,292.2494947218006,299.2284828078812,299.51861158366927,289.0401935375694,291.1466079371267,283.05678433278905
2019021706,299.1708544894027,299.2702136591932,299.9538047473514,292.43628996100665,294.771230451082,290.14308032224324
2019021712,292.2097510538844,300.54598539930237,300.02931771639214,287.8816656178128,290.13115722186836,285.40960947342666
2019021718,290.1073110211187,299.9855996816844,299.65374005458426,285.3817889058853,288.4182051346812,282.03338488394746
2019021800,287.5319213401505,299.5285475006483,299.60604765308483,285.97396955783637,287.6948703786068,281.19081912412463
2019021806,297.59501805652627,299.52059876706505,299.9736765813094,292.5137901134432,295.3495008192624,288.2691663799956
2019021812,293.31065065516253,300.23002323936885,300.11476660241186,291.31750570916626,295.49456520715637,286.21640593212504
2019021818,291.4844291144142,300.2121385888065,299.916048262831,286.4369832890598,287.25371566473723,283.3190925410358
2019021900,289.71186152535273,299.8246378266238,299.8604071277484,285.2208270508248,285.7096741661938,281.49485818368333
2019021906,300.51816483176106,299.5027141165028,300.2936131080346,296.20995122964763,298.7813665438242,290.59615813648765
2019021912,300.0412408167669,300.6056009011767,300.2638053570976,293.513343361535,293.93065187465487,288.493718103722
2019021918,293.773664386386,300.01938179941305,300.0273305329963,289.5966048883958,290.0039774845366,285.1651859157422
2019022000,289.4714123344599,299.81470190964484,299.7530992243747,287.6809600948361,287.7783320812308,283.4740928459089
2019022006,301.87342390770266,300.13066406957836,300.47643398044914,296.7067470785998,298.64226370611755,290.2722472429708
2019022012,296.1026433262739,301.2891919893349,300.59566498419764,294.58046084508436,296.4205926696033,288.62884657463695
2019022018,292.9589191941044,300.77451148982044,300.53406229892755,289.5449381201048,291.3035954253956,284.37428692421025
2019022100,290.09936228753554,300.17636928768195,300.23201042276463,285.98589265821124,287.68493446162773,281.28222956033176
2019022106,302.7100281173382,300.42476721215814,300.58175470042704,297.56123593879755,299.92399699641425,291.83814775886816
2019022112,296.7027727118082,301.1838712693571,300.72483190492517,295.0732823272449,297.8493775311898,288.732180111219
2019022118,291.569878000434,300.1882923880568,300.1465615367448,288.73814166140636,290.39743979690684,283.9033244594036
2019022200,291.5976985679753,299.4570088983992,299.94983038055983,286.2303162158957,289.34423259712815,280.2349839107405
2019022206,298.0957882722701,300.051176733746,300.4366903125329,295.7807196161528,293.80347213732307,291.466544463852
2019022212,293.867062005989,300.80431924075754,300.38502354424185,290.97769734848293,289.94237479926664,288.23935862905836
2019022218,291.1187873695854,299.95777911414297,300.13463843637,287.3570492013193,288.285063847162,283.9689015114653
2019022300,290.20269582411754,299.87233022812325,299.7312402070208,287.20999763002936,288.31487159809916,282.00953868319783
2019022306,300.4684852468658,300.3671388936796,300.21611295559813,295.70918101390373,294.5645633779178,291.29962105860403
2019022312,297.3247611146964,301.38457679233375,300.2737412740766,291.7546860562442,290.9836588986704,288.8891675994879
2019022318,290.80481239304765,300.51220328157365,299.7252786568334,287.0649332421354,287.58954965862887,283.6310803341778
2019022400,288.74211602819804,299.729253023625,299.5682911685645,284.8810186901415,285.50499427642546,281.55248650216174
2019022406,294.56058901112624,299.68156062212563,299.94983038055983,293.38616362420316,290.8306457771931,293.3464199562871
2019022412,291.8679555098053,300.8738706596109,300.13066406957836,289.6721178574365,287.5816009250457,290.53852981800924
2019022418,288.4261538682645,300.55790849967724,299.8206634598322,284.4537742600426,284.3305688895025,284.7021721845187
2019022500,287.8260244827302,299.4411114312327,299.51463721687765,284.0742222314431,284.87108277316247,282.09498756921755
2019022506,296.92335006874293,299.84252247718615,299.83258656020706,294.2525755847759,292.1799433029473,294.35590912135797
2019022512,293.326548122329,301.5415642806026,300.3075233918054,290.61602997044577,288.24333299585004,290.83263296058885
2019022518,288.7460903949897,300.0491895503502,300.1505359035365,285.4235197571973,285.7752512182555,285.2963400198656
2019022600,288.5294874048465,299.9220098130185,300.53207511553177,285.15723718215895,285.58249442886205,284.48358201097983
2019022606,299.21854689090213,300.96130672902643,300.47245961365746,295.76283496559057,295.7986042667152,293.34443277289125
2019022612,294.771230451082,302.2788093204477,301.5415642806026,292.4621233451521,290.59019658630024,284.2272353529204
2019022618,290.1112853879103,300.24790788993107,300.1684205540987,287.0152536572402,288.4579488025974,281.5822942530989
2019022700,288.7898084296975,299.35963691200453,300.1008563186412,285.5189045601961,286.1687135306256,278.83004524990366
2019022706,300.7009857041755,300.5380366657192,300.5042545479904,296.63520847635067,297.7599542783785,291.08897961864824
2019022712,295.935719921026,301.6051541492685,300.71290880455035,292.9867397616456,293.15962471708104,288.08833269097687
2019022718,293.1218682325607,299.8882276952897,300.2936131080346,287.38685695225644,289.42570711635625,283.00710474789383
2019022800,289.1633989081095,299.5126500334818,299.99553559866337,285.75339220090166,286.8562789855755,281.44120423199644
2019022806,301.1719481689822,300.1704077374945,300.2061770386191,296.99687585438784,297.9467495175845,290.2106445577008
2019022812,296.309310399438,301.080537732775,300.54598539930237,293.38417644080744,292.2693665557587,284.54915906304143
2019022818,291.4109033287693,300.62944710192636,300.31745930878435,287.78429363141817,289.46743796766833,283.07864335014284
2019030100,290.45308093198946,299.86636867793584,300.07502293449573,286.2303162158957,289.0898731224646,282.11485940317567
2019030106,301.5216924466445,300.20418985522326,300.4585493298868,296.3629643511248,296.2954001156673,291.49237784799743
2019030112,298.6323277891385,301.29117917273066,300.5797675170312,294.1174471138609,293.9048184905093,289.4356430333353
2019030118,291.3651981106657,300.1187409692035,300.1107922356203,288.0326915558943,291.32346725935366,285.167173099138
2019030200,289.719810258936,299.61200920327224,299.73521457381236,286.206470015146,288.51160275428424,282.28575717521517
2019030206,303.0677211285838,299.7312402070208,299.9080995292478,297.1320043253029,296.98892712080465,292.0925072335317
2019030212,299.88027896170644,300.8579731924444,300.0531639171418,294.90635892199697,294.7354611499574,288.99846268625737
2019030218,293.9068056739052,300.0670742009125,299.65175287118836,289.1872451088592,290.45506811538525,281.788961326263
2019030300,289.60057925518737,299.35764972860875,299.40732931350396,286.2084571985418,287.3153183500073,277.69536353089677
2019030306,305.1562508775788,299.30200859352607,299.81668909304057,300.4863698974281,301.25938423839784,293.5391767456805
2019030312,299.5901501859184,300.59963935098926,299.9398944635807,295.11103881176535,294.6440507137503,290.51667080065533
2019030318,293.9465493418213,299.8266250100196,299.3894446629417,289.5985920717916,291.7904553573688,285.73352036694354
2019030400,292.8933421420427,299.5305346840441,299.1330980048824,289.05410382134005,291.24000555672967,284.6723644335816
2019030406,302.2788093204477,299.0973287037578,299.72130429004176,296.43450295337396,294.98982062462096,292.64891858435817
2019030412,298.9681617830302,300.22008732238976,299.6219451202513,294.3459732043789,293.74981818563634,290.22256765807566
2019030418,293.0900732982277,299.96175348093465,299.417265230483,290.00993903472414,290.91013311302544,286.695317130515
2019030500,292.4104565768611,299.22450844108954,299.188739139965,288.87327013232135,290.48288868292656,283.4422979115759
2019030506,303.15118283120773,298.8747641634272,299.6259194870429,298.5508532699104,300.6532933026761,291.663275620037
2019030512,302.0761166140752,299.9816253148927,299.44707298142015,296.3053360326464,295.81648891727735,287.2855105990702
2019030518,296.1463613609817,299.69348372250045,299.3755343791711,291.0174410163991,293.0443680801241,283.49793904665864
2019030600,293.02052187937437,299.6279066704388,299.13508518827814,290.11525975470187,292.0527635656155,281.9499231813235
2019030606,300.74669092227913,299.63784258741777,299.9359200967891,294.9878334412251,294.44135800737774,289.8907080309756
2019030612,296.090720225899,300.3691260770754,300.10880505222445,291.8023784577436,291.65731406984963,287.25371566473723
2019030618,291.80834000793106,300.0412408167669,299.55835525158545,289.11769369000586,289.98211846718283,284.49947947814616
2019030700,291.4327623461232,299.7411761239998,299.1768160395901,289.08192438888136,289.5270534695425,282.3235136597356
2019030706,295.77475806596544,299.6279066704388,299.9319457299975,293.43981757589006,292.51577729683896,291.5619292668508
2019030712,294.08366499613214,300.35720297670065,300.01739461601727,291.71096802153636,291.174428504668,288.638782491616
2019030718,290.93994086396265,300.1604718205155,299.6279066704388,287.24974129794566,288.2989741309326,285.46525060850934
2019030800,289.9324388822875,300.44463904611615,299.7153427398544,287.78429363141817,288.32282033168235,283.8297986737586
2019030806,296.8657217502645,300.3770748106586,300.79239614038266,291.4049417785819,290.88628691227575,293.05827836389483
2019030812,295.27398785022166,300.8838065765899,300.7665627562372,290.67564547232,290.87635099529666,287.6531395272948
2019030818,291.4168648789567,300.7526524724665,300.52015201515684,288.76596222894767,289.5667971374587,283.8099268398005
2019030900,290.78494055908953,300.35322860990897,300.414831295179,287.79422954839725,288.8931419662796,281.77703822588813
2019030906,300.38502354424185,300.4704724302617,301.0864992829624,294.94014103972575,295.36937265322047,291.2340440065423
2019030912,297.57713340596405,301.21566620369,301.02887096448393,293.21129148537204,292.8237907231893,288.80769308025975
2019030918,291.5102624985597,300.86790910942335,300.5360494823234,289.0242960704029,290.23647794184626,284.533261595875
2019031000,290.5941709530918,300.8281654415073,300.5042545479904,287.3053824330283,288.0386531060817,280.7258182095053
2019031006,296.49610563864405,300.8897681267773,301.2792560723558,293.45571504305656,291.8341733920765,291.0472487673362
2019031012,293.11590668237324,301.0089991305258,300.9394477116725,290.2404523086379,290.27820879315817,289.60057925518737
2019031018,288.99846268625737,300.5420110325108,300.3413055095341,285.3042887534488,286.6814068467443,282.82030950868784
2019031100,287.8478835000841,300.06906138430827,299.9597662975388,285.0360189950146,286.3237138354987,279.9647269689105
2019031106,298.9880336169883,300.3671388936796,300.7665627562372,293.503407444556,292.26539218896716,290.4292347312397
2019031112,295.27597503361744,300.70893443775867,300.59765216759337,290.0536570694318,290.11724693809776,289.7694898438312
2019031118,288.38442301695244,300.53207511553177,300.24989507332685,286.26211115022863,288.6825005263238,284.10601716577605
2019031200,288.1737815769967,300.3333567759508,300.009445882434,284.74787740262235,286.2561496000412,281.00799825171015
2019031206,300.41284411178316,300.9593195456306,301.0229094142965,295.79661708331935,295.17462868043117,294.33007573721244
2019031212,297.63674890783835,301.21964057048166,300.9712426460055,291.43077516272734,291.3294288095411,291.476480380831
2019031218,290.29211907692894,301.1520763350241,300.55790849967724,287.3351901839654,289.0203217036113,286.17070071402145
2019031300,289.1077577730269,301.3488074912092,300.768549939633,286.07929027781415,287.8935887181877,283.66287526851073
2019031306,301.63496190020567,300.6612420362593,301.46406412816606,297.27110716300945,296.27552828170934,294.96597442387133
2019031312,298.8767513468229,301.5554745643733,301.2792560723558,292.75225212094017,292.01103271430355,292.5594953315468
2019031318,291.4109033287693,300.9255374279019,300.8778450264025,287.9452554864787,289.64231010649945,285.4394172243638
2019031400,291.40096741179025,300.64137020230123,300.70893443775867,287.194100162863,288.4877565535345,283.6946702028437
2019031406,302.02842421257577,300.9175886943186,301.1143198505037,296.81405498197347,296.6848880612459,286.4528807562263
2019031412,297.8791852821269,301.5137437130613,301.3209869236679,292.7383418371696,292.69064943567014,286.80858658407607
2019031418,293.8948825735303,301.09643519994137,301.1858584527528,289.37205316466935,290.97968453187883,282.9335789622489
2019031500,292.4621233451521,300.4366903125329,300.77252430642466,288.5275002214507,289.5866689714168,282.1367184205295
2019031506,296.90745260157644,300.4684852468658,301.11034548371214,293.61667689811713,293.3503943230787,290.3835295131361
2019031512,293.27488135403803,301.6448978171847,301.1163070338996,290.65577363836195,290.2722472429708,290.30006781051213
2019031518,290.395452613511,299.1688673060069,300.38502354424185,287.45243400431815,288.20160214453807,283.96293996127787
2019031600,290.2464138588253,299.5305346840441,300.8778450264025,287.7207037627523,288.33474343205717,284.6067873815199
2019031606,297.34065858186284,300.7427165554875,300.62348555173895,293.3821892574116,292.3110974070707,296.8279652657441
2019031612,294.39167842248247,301.63496190020567,300.73476782190426,291.04128721714886,290.08545200376483,292.9648807442918
2019031618,290.63391462100805,300.58175470042704,300.69104978719645,287.52198542317143,288.05256338985237,288.3526280826195
2019031700,290.7312866074027,300.1167537858077,300.4207928453665,287.43057498696425,288.0605121234356,286.3217266521029
2019031706,300.3234208589718,300.65726766946767,301.0248965976923,294.9043717386012,293.31859938874567,296.65905467710036
2019031712,296.9869399374088,301.9211163092021,301.35874340818816,292.88539340845944,291.58180110080883,293.41199700834875
2019031718,291.35526219368666,300.25784380691016,300.997076030151,287.56967782467086,288.06448649022724,285.9103796891705
2019031800,291.28968514162494,300.77649867321617,300.72483190492517,287.6233317763577,288.3784614667651,283.7344138707598
2019031806,300.7566268392582,301.7800262880997,300.33136959255506,295.90988653688044,294.8765511710599,297.2333506784891
2019031812,296.76238821368236,301.6468850005805,300.87188347621503,293.1298169661439,292.0468020154281,293.419945741932
2019031818,292.01301989769934,300.0273305329963,301.1063711169205,289.55288685368805,289.51115600237614,288.5592951557836
2019031900,291.98321214676224,300.5022673645946,300.7288062717168,288.7460903949897,289.61647672235387,287.60544712579537
2019031906,298.03418558700014,301.25540987160616,301.21964057048166,292.68866225227436,295.3852701203869,292.2137254206761
2019031912,295.00969245857897,301.58528231531034,300.97521701279715,291.68712182078673,293.91872877428,291.23801837333394
2019031918,291.9553915792209,299.8683558613316,300.77451148982044,288.15192255964286,290.6875685726949,287.2855105990702
2019032000,291.174428504668,300.5897034340102,300.6195111849473,287.7524986970853,288.9865395858825,285.65005866431954
2019032006,303.16708029837423,300.7288062717168,301.20771747010673,298.84098204569835,300.7884217735911,293.8630876391974
2019032012,297.92489050023056,301.4660513115619,301.18983281954445,295.85225821840197,296.7743113140573,288.7182698274484
2019032018,294.30424235306685,301.3130381900846,300.8500244588612,289.49724571860537,290.90417156283803,285.6103149964034
2019032100,292.162058652385,300.17438210428617,300.1187409692035,289.58070742122936,290.77301745871466,284.8015313543092
2019032106,304.915801686686,300.7109216211545,300.94143489506837,299.3258547942758,302.68419473319267,294.43937082398185
2019032112,300.35322860990897,301.7164364194338,301.07060181579595,297.3625175992167,299.05559785244577,292.41443094365275
2019032118,296.16623319493976,301.45412821118697,300.9513708120474,292.7939829722522,293.1238554159565,287.3669851182983
2019032200,290.77301745871466,301.1620122520032,301.1063711169205,289.0461550877568,289.221027226588,284.9008905240996
2019032206,305.15227651078726,301.91316757561884,301.80188530545365,300.6831010536132,303.24259326741503,295.5184114079061
2019032212,299.1172005377158,302.1873988842405,301.93701377636864,298.7674562600535,300.58175470042704,293.83526707165606
2019032218,294.18302416592263,301.859513623932,301.6488721839763,292.35878980857007,294.3419988375873,286.7151889644731
2019032300,293.9962289267165,301.579320765123,301.67867993491336,290.1490418724307,292.88539340845944,284.0722350480473
2019032306,300.53406229892755,302.1218218321788,302.14169366613686,298.3402118299546,294.8844999046431,293.0165475125828
2019032312,295.42898815509466,302.3423991891136,302.213232268386,291.73680140568194,291.62750631891237,289.4336558499395
2019032318,291.5778267340172,301.579320765123,301.30310227310554,287.0311511244067,288.18570467737163,282.63550145287763
2019032400,290.3239140112619,300.28367719105563,301.5693848481439,287.15833086173836,288.0903198743728,282.9673610799776
2019032406,296.37886181829134,301.173935352378,299.8365609269987,293.17154781745586,293.2569967034757,293.7021257841368
2019032412,293.6067409811381,301.3468203078133,301.1858584527528,292.10641751730236,290.4689783991559,292.10443033390663
2019032418,289.5389765699174,300.28963874124304,300.997076030151,287.2060232632378,286.7350607984312,285.40364792323925
2019032500,290.06558016980665,299.9418816469765,299.770983874937,286.5939707773287,287.2676259485079,282.56595003402424
2019032506,298.9463027656763,301.34085875762594,300.3472670597215,294.89841018841383,294.10154964669437,296.9630937366591
2019032512,296.5040543722273,301.61707724964333,300.78246022340363,292.5455850477761,290.56237601875887,293.8928953901345
2019032518,291.23801837333394,301.1818840859612,301.4481666609996,287.97307605402005,288.04064028947755,287.70679347898164
2019032600,290.77897900890207,300.84803727546534,301.03483251467134,288.2035893279338,288.60301319049137,287.1980745296546
2019032606,301.5972054156852,302.7457974184628,301.79592375526613,296.27552828170934,296.7345676461411,298.3302759129756
2019032612,298.7455972426996,304.0136204249888,302.4377839921124,294.49302477566874,292.7820598718774,295.21834671513903
2019032618,293.31661220534994,301.78201347149553,301.50778216287387,290.5047477002805,290.5981453198835,289.96622100001633
2019032700,292.51975166363064,300.987140113172,301.1063711169205,290.0814776369732,290.35968331238644,288.139999459268
2019032706,303.13528536404135,301.7164364194338,301.7005389522673,297.63476172444246,297.7142490602748,298.4594428337032
2019032712,295.9714892221505,302.5411175286945,301.8714367243069,293.5491126626596,294.542704360564,294.1750754323393
2019032718,293.15962471708104,301.5952182322895,301.2216277538774,290.1331444052642,292.4025078432779,288.11615325851824
2019032800,292.01103271430355,300.5718187834479,300.70496007096716,290.1510290558265,291.38705712801965,286.92185603763716
2019032806,303.3598370877677,301.22957648746063,301.3189997402721,298.40976324880785,299.67559907193817,294.2426396677968
2019032812,297.9189289500432,301.88137264128585,301.53162836362355,295.2501416494719,295.24219291588867,290.0198749517031
2019032818,294.42744772360714,300.8559860090486,301.1957943697318,288.8633342153424,290.64186335459135,283.96691432806944
2019032900,292.77609832168986,300.8520116422569,300.9851529297762,287.9651273204368,288.9746164855077,282.81832232529194
2019032906,302.27086058686444,300.7625883894456,301.45810257797865,299.23444435806863,300.1564974537239,296.04898937458705
2019032912,297.75796709498263,301.90720602543144,301.5296411802277,297.2790558965927,296.174181928523,294.36385785494116
2019032918,293.5093689947434,301.5673976647481,301.18983281954445,290.2384651252421,293.10795794879,286.94371505499106
2019033000,292.22366133765513,301.5395770972068,301.3110510066888,288.3566024494111,289.53301501972993,285.56460977829977
2019033006,305.23772539680704,301.78201347149553,301.9707958940973,300.65726766946767,300.78643459019526,298.5826482042433
2019033012,301.5356027304152,302.18541170084467,301.88534700807753,298.25476294393485,296.24572053077213,295.2223210819306
2019033018,295.43892407207375,301.8972701084524,301.54553864739415,291.5062881317681,294.49699914246037,288.6725646093448
2019033100,293.6603949328249,301.859513623932,301.5018206126865,289.64231010649945,292.0706482161778,287.1324974775929
2019033106,304.5740061426069,301.91118039222306,301.9707958940973,300.7566268392582,300.67316513663417,298.9880336169883
2019033112,299.99354841526764,302.38413004042565,302.0145139288051,296.97104247024237,296.7107214453914,294.9600128736838
2019033118,296.4186054862075,301.2792560723558,301.724385153017,293.31065065516253,294.90635892199697,287.2477541145498
2019040100,296.33315660018775,299.8484840273735,301.25739705500195,291.8441093090556,293.4437919426817,286.12102112912623
2019040106,301.2792560723558,301.7343210699961,301.9250906759937,296.08674585910734,295.14283374609823,294.26251150175494
2019040112,295.77475806596544,300.18630520466104,301.8475905235572,292.3349436078204,292.00109679732446,290.2205804746798
2019040118,292.89731650883425,299.7789326085202,300.3790619940545,289.21109130960895,290.09141355395224,286.9516637885743
2019040200,291.663275620037,299.3636112787962,299.93393291339333,290.25833695920016,290.77500464211045,286.41711145510175
2019040206,300.17636928768195,301.75021853716254,301.13816605125345,295.44289843886537,295.97745077233793,295.935719921026
2019040212,297.0326451555124,303.75528658353363,301.68861585189245,293.4159713751404,293.27289417064213,291.53013433251783
2019040218,293.54712547926374,302.36624538986325,301.61906443303917,289.5667971374587,291.36122374387406,285.63813556394473
2019040300,293.75776691921953,301.2116918368984,300.97720419619293,289.5886561548126,291.2201337227716,285.1552499987631
2019040306,300.009445882434,301.4382307440206,301.74624417037086,294.4830888586897,294.0995624632986,291.5003265815807
2019040312,296.85379864988965,302.3364376389262,302.18541170084467,293.08609893143614,293.4239201087236,288.96865493532033
2019040318,294.27443460212976,301.0924608331498,301.94496250995184,290.1073110211187,291.7685963400149,284.29678677177367
2019040400,293.0801373812487,300.3075233918054,299.7252786568334,290.5007733334888,292.2991743066958,284.1020427989845
2019040406,301.0566915320253,301.25540987160616,301.3130381900846,297.0962350241783,298.80918711136553,294.5665505613137
2019040412,298.3024553454343,302.40996342457106,301.8217571394117,295.67341171277917,295.3177058849294,291.1247489197728
2019040418,294.17706261573517,300.03329208318365,300.1564974537239,290.09141355395224,292.51975166363064,286.601919510912
2019040500,294.8407818699353,299.2284828078812,299.76303514135367,290.8823125454841,292.9768038446666,284.5173641287085
2019040506,299.23444435806863,301.2931663561265,301.27528170556417,297.46982550259037,296.7286060959537,295.9893738727128
2019040512,296.5537339571225,302.26489903667704,301.1163070338996,293.22321458574686,294.552640277543,288.8633342153424
2019040518,293.3285353057248,301.8356674231823,301.31701255687625,290.65776082175773,292.3965462930905,284.84326220562116
2019040600,292.8337266401684,300.83015262490306,300.7526524724665,289.51314318577187,291.28769795822916,284.72403120187266
2019040606,301.05072998183783,301.1957943697318,301.77207755451644,295.11302599516114,298.38989141484984,293.57494604680505
2019040612,297.20155574415617,302.35630947288416,302.0085523786177,295.07725669403663,296.0847586757116,291.8242374750975
2019040618,295.1209747287444,302.3344504555303,301.54355146399837,290.32987556144934,293.00263722881215,287.18416424588395
2019040700,292.01103271430355,301.40842299308343,301.3368843908343,289.8410284460803,291.3751340276447,284.75582613620554
2019040706,303.04188774443827,301.662782467747,301.9628471605141,299.4570088983992,301.4720128617493,298.0679677047288
2019040712,298.47335311747383,301.9668215273057,301.5673976647481,295.86418131877684,297.3227739313005,294.8924486382263
2019040718,296.3907849186662,301.03085814787977,301.45611539458287,291.1009027190231,293.18545810122663,289.78141294420607
2019040800,293.84917735542666,300.69502415398813,300.997076030151,291.14462075373086,292.8317394567726,289.05410382134005
2019040806,303.9301587223648,300.93547334488096,301.5813079485188,299.03373883509187,301.8793854578901,294.92623075595515
2019040812,298.9741233332176,302.1834245174489,301.6866286684967,295.59789874373854,299.4212395972746,292.8496241073349
2019040818,296.0171944402541,301.81778277262003,301.48989751231164,290.54846573498827,294.1393061312148,288.94282155117475
2019040900,293.6743052165956,301.02688378108815,301.45810257797865,291.1148130027937,292.4084693934653,288.6427568584076
2019040906,304.9376607040399,301.62105161643495,301.8118212224326,300.12668970278673,302.92066955729393,297.05251698947046
2019040912,298.6879689242212,302.38413004042565,301.8615008073278,297.64867200821317,300.58175470042704,294.98584625782934
2019040918,296.51995183939374,301.9588727937225,301.72041078622544,292.76218803791926,295.3296289853043,288.30692286451585
2019041000,293.60872816453383,301.984706177868,301.672718384726,291.7328270388903,293.29077882120436,288.06249930683146
2019041006,305.54375163976164,302.36624538986325,302.1178474653872,299.9180354462268,301.94098814316015,297.2333506784891
2019041012,303.8784919540738,302.7656692524208,302.26092466988536,297.76790301196166,298.61245595518045,295.57405254298874
2019041018,297.60296679010963,302.41989934155015,301.82374432280744,294.2704602353382,296.1086048764613,289.51314318577187
2019041100,294.29033206929626,301.79791093866197,301.6448978171847,292.1243021678646,292.86949594129294,287.65512671069064
2019041106,305.1840714451202,301.8475905235572,302.1834245174489,301.88534700807753,303.6340683963893,297.4161715509035
2019041112,300.07502293449573,302.441758358904,302.213232268386,298.65418680649236,298.08982672208265,293.10597076539415
2019041118,296.20796404625173,302.33842482232194,301.8932957416608,291.27974922464585,293.461676593244,286.72512488145213
2019041200,296.2536692643554,302.2350912857399,301.9211163092021,291.53013433251783,293.513343361535,286.8423687018048
2019041206,304.69124996295966,302.2847708706351,302.3463735559052,300.41284411178316,301.0467556150462,299.7411761239998
2019041212,301.0169478641091,302.7378486848795,302.4139377913627,298.7853409106158,297.68444130933767,297.33072266488375
2019041218,296.2318102470015,302.5649637294442,302.15560394990763,292.8675087578972,295.31969306832525,289.44160458352275
2019041300,295.4707190064067,302.44970709248724,302.0800909808668,292.4760336289228,294.1591779651729,288.58711572332487
2019041306,304.562083042232,302.2490015695105,302.5788740132148,300.15451027032805,299.60406046968905,300.4188056619706
2019041312,301.79592375526613,302.83720785466994,302.380155673634,298.57271228726427,297.6963644097125,297.55924875540177
2019041318,296.122515160232,302.4576558260705,302.0482960465339,293.9386006082381,296.2278358802098,290.9518639643374
2019041400,295.363411103033,302.5291944283196,301.9866933612638,292.7144956364199,294.24661403458845,289.60455362197905
2019041406,306.27304794602344,302.33842482232194,302.48746357700765,303.15515719799936,305.01516085647637,301.7661160043291
2019041412,300.6930369705923,302.9166951905023,302.44771990909146,299.4907910161279,299.5305346840441,295.8900147029224
2019041418,297.3009149139466,302.49342512719505,302.161565500095,294.3519347545664,295.57405254298874,288.83153928100944
2019041500,296.18213066210626,301.63496190020567,302.2172066351776,293.0682142808738,294.4473195575652,289.6264126393329
2019041506,302.9147080071065,302.0244498457841,302.7100281173382,296.9312988023262,296.81405498197347,299.6636759715633
2019041512,297.95271106777193,303.04188774443827,302.52124569473636,294.3022551696711,294.59834549564664,297.0962350241783
2019041518,295.0951413445988,302.6166304977352,302.16951423367817,291.74673732266103,292.8913549586468,291.42680079593583
2019041600,295.46078308942765,302.6345151482974,302.29470678761413,292.15609710219763,293.2967403713918,288.64673122519923
2019041606,305.00125057270577,302.9802850591682,302.7934898199622,300.5857290672186,300.3870107276377,298.8787385302188
2019041612,297.57713340596405,303.2127855164778,302.7318871346921,295.54623197544737,295.0017437249958,296.57360579108064
2019041618,294.75533298391554,301.57335921493564,302.63054078150583,291.75667323964,292.78404705527316,289.2965401956287
2019041700,294.2148191002555,302.6822075497969,302.5927842969855,291.2181465393758,292.2951999399042,289.459489234085
2019041706,304.5243265577117,301.87342390770266,302.61066894754777,300.8321398082988,300.6691907698425,300.77252430642466
2019041712,302.1834245174489,302.5113097777573,302.7279127679005,297.9288648670222,297.2174532113226,298.38194268126665
2019041718,297.8255313304401,301.94098814316015,302.0204754789925,295.17860304722285,294.49898632585615,293.7617412860111
2019041800,295.8721300523601,300.9732298294013,301.83964178997394,294.50296069264783,294.41155025644065,291.99116088034543
2019041806,308.22446204070764,301.9827189944722,301.55348738097746,303.67182488090964,306.14984257548326,300.9016912271522
2019041812,306.88510043193247,302.85509250523234,302.3940659574046,301.43624356062475,301.39451270931283,297.96264698475096
2019041818,299.0873927867788,300.3731004438671,300.74470373888335,297.0962350241783,297.7659158285659,293.30468910497507
2019041900,295.40116758755335,302.04034731295064,301.88534700807753,294.1492420481938,294.42546054021125,291.36122374387406
2019041906,309.2279896555911,302.77361798600407,302.75175896865017,304.59387797656495,307.6819609736519,300.4088697449916
2019041912,307.1513830069709,303.18297776554067,302.73586150148367,301.7164364194338,302.57092527963164,298.60252003820136
2019041918,298.9880336169883,302.7418230516712,302.7457974184628,297.47578705277783,297.6904028595252,293.03045779635346
2019042000,296.08873304250324,302.77560516939985,302.5748996464232,294.6639225477083,294.19494726629745,290.70147885646554
2019042006,309.58170830004514,302.52124569473636,302.7040665671508,304.38522372000506,307.5527940529243,300.8877809433816
2019042012,307.18516512469967,302.8729771557945,302.84316940485735,302.0622063303045,302.39804032419624,298.65418680649236
2019042018,299.0098926343422,302.71797685092145,302.65438698225563,296.1324510772111,296.5557211405183,291.69507055436986
2019042100,295.9476430214008,302.5748996464232,302.52124569473636,293.39411235778647,293.40007390797393,290.02583650189047
2019042106,308.62388590326526,302.18541170084467,302.70804093394236,304.41105710415053,306.88510043193247,299.8763045949148
2019042112,302.0165011122009,302.9306054742729,302.52720724492383,300.51617764836533,301.7522057205584,297.6427104580257
2019042118,298.0163009364378,302.7100281173382,302.26291185328125,296.07482275873264,296.9829655706172,290.8028252096518
2019042200,296.3530284341458,302.3940659574046,302.2470143861148,294.48110167529387,296.0966817760865,290.0039774845366
2019042206,307.38189628088475,302.26489903667704,302.95246449162687,303.7970174348457,306.76586942818403,299.96970221451784
2019042212,301.88335982468175,303.19291368251976,302.9544516750227,300.2061770386191,303.159131564791,297.8414287976066
2019042218,299.1450211052572,303.07566986216705,302.68022036640104,296.1523229111691,298.32431436278813,291.6672499868286
2019042300,297.4579024022155,302.3642582064675,302.4040018743836,295.2580903830552,297.01674768834596,290.67365828892423
2019042306,306.038560305318,302.58682274679813,302.98624660935565,301.25938423839784,304.2779158166314,299.6259194870429
2019042312,301.3388715742301,303.84272265294925,302.81137447052447,299.57226553535617,301.29117917273066,297.7480311780036
2019042318,294.9878334412251,302.6444510652765,302.8670156056071,294.4214861734196,296.8001446982028,291.5996857513711
2019042400,295.12296191214017,301.7800262880997,302.8391950380658,293.06622709747796,295.73302721465353,290.22654202486723
2019042406,306.3624711988348,302.75772051883763,302.9246439240856,301.5336155470194,305.1363790436208,299.88027896170644
2019042412,302.6365023316933,303.6956710816594,302.7497717852544,300.46252369667843,302.3443863725094,298.69790484120017
2019042418,299.3377778946506,301.6607952843512,302.5590021792567,295.2302698155138,297.3346970316754,291.0512231341279
2019042500,297.15585052605263,302.59477148038127,302.42784807513334,294.04988287840337,295.16667994684786,289.4714123344599
2019042506,307.3600372635308,302.8173360207119,302.94650294143946,303.699645448451,305.89150873402815,299.92399699641425
2019042512,302.88291307277365,303.2088111496862,303.2147726998737,300.810280790945,301.03284533127555,297.28700463017594
2019042518,298.47335311747383,303.024003093876,302.29073242082256,294.88251272124734,296.05892529156614,290.5544272851757
2019042600,297.0405938890956,301.1302173176702,300.94739644525583,294.3161654534418,295.3177058849294,289.19916820923413
2019042606,307.98202566641896,302.08803971445,302.05823196351287,303.4095166726629,302.88092588937775,300.24393352313945
2019042612,302.48945076040343,302.6365023316933,302.49342512719505,300.5221391985527,299.3695728289836,297.81162104666953
2019042618,295.69328354673735,302.20727071819863,302.56695091284,295.09911571139037,296.029117540629,291.7507116894526
2019042700,296.2198871466266,301.09643519994137,302.36823257325915,293.9286646912591,294.58840957866755,290.86045352813017
2019042706,305.46823867072084,302.2807965038435,302.0522704133254,300.31547212538857,303.43932442360006,300.99310166335937
2019042712,301.03284533127555,302.73387431808794,301.9827189944722,297.35655604902934,299.272200842589,299.38149592935844
2019042718,296.34309251716684,302.2092579015944,302.0482960465339,293.27289417064213,296.01520725685833,293.9743699093627
2019042800,296.4205926696033,300.7526524724665,301.47797441193677,293.79154903694825,295.8880275195265,291.81032719132685
2019042806,305.53182853938665,300.19624112164007,300.73079345511263,301.33489720743853,303.8963766046361,297.0664272732412
2019042812,298.88668726380206,301.32893565725107,301.7899622050787,295.38129575359534,297.49168451994433,296.2178999632308
2019042818,296.6173238257884,302.5907971135897,302.2291297355525,291.87391705999266,294.78514073485263,291.5559677166633
2019042900,295.7389887648409,301.23355085425226,302.29470678761413,293.4596894098482,294.58046084508436,291.122761736377
2019042906,306.29888133016885,302.0105395620135,302.52720724492383,300.73675500530004,303.2783625685396,297.59899242331795
2019042912,301.19182000294035,303.28829848551857,301.6985517688716,296.18014347871036,298.35610929712107,293.68622831697036
2019042918,297.3227739313005,301.83765460657816,302.3423991891136,292.9549448273127,295.62373212788395,290.4073757138858
2019043000,295.8145017338816,301.0089991305258,302.60073303056873,293.6643692996165,295.04744894309937,289.584681788021
2019043006,305.46426430392916,302.2350912857399,303.04586211122984,300.88181939319406,302.0502832299297,298.45546846691155
2019043012,302.87496433919034,301.90521884203565,301.86746235751525,297.04456825588727,298.4991865016193,289.74365645968567
2019043018,296.1880922122937,302.3225273551555,301.86746235751525,292.98077821145824,294.00815202709134,287.05102295836474
2019050100,294.0041776602998,301.7681031877248,302.05823196351287,291.174428504668,292.1859048531348,286.9377535048036
2019050106,301.4839359621242,302.8729771557945,301.30111508970975,298.3104040790175,298.30046816203844,298.80322556117807
2019050112,298.6084815883888,303.2286829836443,303.17701621535326,294.99578217480837,295.73104003125763,296.039053457608
2019050118,294.4155246232322,303.3757345549342,303.27041383495634,291.65731406984963,292.7919957888564,291.5718651838298
2019050200,294.47116575831484,303.294260035706,303.3578499043718,291.45462136347714,292.29718712330003,291.257890207292
2019050206,305.08272509193387,303.6022734620564,303.8307995525744,300.52015201515684,300.44265186272037,300.7208575381336
2019050212,299.8922020620813,302.76964361921245,302.72195121771307,296.28943856547994,296.08873304250324,295.5879628267594
2019050218,296.04302782439964,302.71598966752566,302.67823318300526,292.53366194740124,293.10597076539415,289.7754513940186
2019050300,294.9421282231216,302.63054078150583,302.805412920337,291.86994269320115,292.9867397616456,290.66173518854936
2019050306,299.8524583941651,302.4675917430495,302.85707968862806,296.8518114664938,296.41065675262433,302.98823379275143
2019050312,297.83944161421084,303.37970892172575,302.9802850591682,294.6102685960214,294.0995624632986,298.336237463163
2019050318,295.3832829369911,301.0686146324001,302.1635526834908,292.37071290894494,292.36475135875753,293.4755868770146
2019050400,294.25058840138007,301.2693201553768,302.5391303452986,292.6648160515247,293.27488135403803,293.61866408151286
2019050406,302.8173360207119,301.24746113802286,301.0467556150462,299.78489415870763,299.38348311275416,302.82925912108675
2019050412,303.02002872708437,301.9310522261811,302.1893860676363,297.98251881870897,297.7480311780036,298.835020495511
2019050418,296.1105920598572,302.84316940485735,302.34041200571784,293.50142026116015,293.700138600741,294.2784089689214
2019050500,297.01674768834596,300.67515232002995,301.88733419147337,294.6678969144999,294.5744992948969,293.58686914717987
2019050506,306.07830397323414,302.3046427045932,301.2693201553768,302.0165011122009,304.687275596168,300.22008732238976
2019050512,303.31810623645566,302.753746152046,302.84316940485735,301.03284533127555,301.21566620369,299.17880322298595
2019050518,298.0163009364378,300.80034487396586,301.82374432280744,296.6670034106836,296.611362275601,294.2267422006304
2019050600,298.06200615454134,302.119834648783,301.4203460934583,296.1165536100445,296.82995244913985,293.4179585585362
2019050606,307.9840128498148,300.90765277733965,301.6508593673721,302.96836195879337,302.5291944283196,301.2414995878355
2019050612,302.13374493255367,301.46207694477033,302.68816909998435,300.3750876272629,299.54643215121064,299.8604071277484
2019050618,298.08187798849946,301.5634232979565,302.535155978507,296.1066176930655,297.20950447773936,293.9386006082381
2019050700,297.98649318550065,302.29868115440576,302.49541231059084,296.0827714923158,296.12847671041936,293.85712608900985
2019050706,304.1825310136325,301.82374432280744,303.03592619425086,301.14214041804513,299.4589960817949,302.49541231059084
2019050712,298.9582258660512,301.85553925714044,302.44970709248724,296.76040103028663,296.537836489956,299.73521457381236
2019050718,297.1896326437813,301.3766280587505,301.8038724888494,294.7970638352275,295.62373212788395,292.8953293254385
2019050800,296.91142696836806,302.44771990909146,302.3106042547806,293.15565035028936,295.66745016259176,290.54449136819665
2019050806,303.84272265294925,300.8520116422569,301.72835951980863,300.3293824091592,299.5802142689393,302.1238090155746
2019050812,298.3104040790175,301.0189350475049,302.36624538986325,295.8761044191517,295.8820659693391,299.3278419776716
2019050818,295.3177058849294,300.61156245136414,301.6667568345385,293.18744528462236,293.49545871097274,288.368525549786
2019050900,295.02161555895384,301.74226980357935,302.1178474653872,292.1878920365305,293.13975288312287,288.73814166140636
2019050906,301.68066711830926,300.3731004438671,302.13374493255367,296.37886181829134,296.8657217502645,302.69015628338013
2019050912,297.57713340596405,301.84560334016135,302.83720785466994,294.0657803455698,293.76571565280267,298.7575203430745
2019050918,294.37180658852435,301.7899622050787,300.8063064241534,291.4486598132896,291.891801710555,287.4484596375265
2019051000,294.417511806628,301.25938423839784,300.9195758777145,291.0512231341279,292.0825713165527,288.32679469847403
2019051006,299.7411761239998,300.73079345511263,300.6691907698425,296.975016837034,297.72418497725386,300.44861341290783
2019051012,298.07194207152037,302.254963119698,302.5470790788819,294.9997565416,294.98982062462096,298.3938657816415
2019051018,294.542704360564,302.8590668720238,302.35630947288416,291.8441093090556,292.60321336625464,291.5460317996843
2019051100,294.7752048178736,300.2518822567227,300.56784441665627,291.8540452260346,292.9668679276876,289.76750266043535
2019051106,301.8714367243069,301.64092345039313,302.0383601295548,297.66258229198377,298.65219962309664,303.3439396206012
2019051112,300.44265186272037,301.30310227310554,302.078103797471,296.7802728642447,296.65309312691295,301.16002506860735
2019051118,297.036619522304,301.9568856103266,301.72835951980863,293.42789447551525,294.96398724047543,293.51930491172243
2019051200,297.04655543928317,300.3353439593467,301.0626530822127,293.4020610913697,295.38129575359534,293.2649454370589
2019051206,305.4443924699712,300.17438210428617,300.43867749592874,300.6989985207797,302.63848951508913,303.17502903195754
2019051212,301.3368843908343,302.1039371816165,302.4795148434244,298.8489307792817,299.23444435806863,300.70496007096716
2019051218,297.930852050418,301.2931663561265,302.75573333544185,295.03155147593293,296.85777301668116,294.0757162625489
2019051300,297.6943772263168,300.3293824091592,301.1580378852115,295.20642361476416,296.90347823478487,293.7299463516782
2019051306,305.53580290617833,300.32739522576344,301.50778216287387,301.2891919893349,302.16951423367817,303.59829909526474
2019051312,299.84252247718615,301.3567562247924,301.6508593673721,297.81956978025266,298.03418558700014,301.5415642806026
2019051318,296.60341354201773,301.3706665085631,301.9211163092021,295.0653335936617,296.4841825382692,294.6579609975209
2019051400,297.0008502211794,300.7963705071743,301.0566915320253,294.7155893159993,296.8458499163064,293.39411235778647
2019051406,302.77560516939985,301.57137203153974,302.3622710230717,300.36515171028384,301.71444923603804,302.82925912108675
2019051412,299.365598462192,300.97720419619293,300.7645755728413,297.71822342706645,298.52501988576483,300.28765155784725
2019051418,298.15142940735285,301.5137437130613,301.173935352378,294.8626408872892,297.33668421507116,294.45924265793997
2019051500,297.7023259599,300.38502354424185,300.7506652890707,295.3455264524707,297.79969794629466,293.0225090627702
2019051506,305.93920113552747,300.6970113373838,301.2891919893349,301.80983403903684,305.15028932739136,302.5629765460484
2019051512,300.7983576905701,301.23156367085636,300.59566498419764,299.5305346840441,301.537589913811,300.78047304000785
2019051518,297.4062356339245,300.54598539930237,300.96726827921384,296.1066176930655,297.4340562014658,294.2148191002555
2019051600,297.3327098482796,300.2240616891814,300.84207572527794,295.2839237672007,297.7261721606497,294.0975752799028
2019051606,306.8632414145786,300.01938179941305,300.46252369667843,302.0641935137004,305.89150873402815,302.54509189548605
2019051612,306.50952277012465,300.35521579330475,301.09643519994137,300.51816483176106,302.62656641471426,300.46252369667843
2019051618,301.2116918368984,300.2737412740766,300.4108569283874,297.37046633279994,299.6338682206261,294.9083461053928
2019051700,299.906112345852,301.4263076436457,301.0745761825875,296.0569381081703,299.02181573471705,293.8968697569261
2019051706,307.7654226762758,301.23355085425226,301.2216277538774,303.2644522847689,307.62830702196504,303.522786126224
2019051712,307.23087034280326,301.77605192130807,302.8491309550448,301.25938423839784,303.30022158589344,299.9418816469765
2019051718,300.90367841054797,301.79791093866197,302.65438698225563,296.76636258047404,299.42521396406624,295.10110289478627
2019051800,299.5762399021477,302.3622710230717,301.14611478483664,296.7524522967034,298.53495580274387,294.4751401251065
2019051806,309.5419646321289,301.8475905235572,301.12823013427436,304.3216338513392,307.88465368002437,302.76964361921245
2019051812,304.4845828897955,302.74778460185865,302.7636820690251,303.5128502092449,304.5779805093985,300.41681847857484
2019051818,299.68156062212563,302.0602191469087,302.41989934155015,297.23931222867657,299.7252786568334,294.59834549564664
2019051900,298.73566132572057,302.42188652494593,301.7124620526422,296.6888624280375,298.03418558700014,293.73789508526136
2019051906,310.0864528825805,302.1476552163243,301.7005389522673,305.1184943930585,308.73318099003467,303.51881175943237
2019051912,307.2507421767614,302.25893748648963,302.0999628148249,303.7632353171169,303.66387614732645,303.09951606291673
2019051918,299.85643276095675,302.50336104417414,302.3741941234465,298.3064297122258,301.88137264128585,294.230716567422
2019052000,298.4534812835157,302.4397711755082,302.40797624117533,297.0803375570118,299.365598462192,292.7562264877318
2019052006,309.1961947212582,301.6647696511428,302.2688734034686,303.9400946393438,303.13131099724967,300.6214983683432
2019052012,303.26246510137304,302.7934898199622,302.3423991891136,299.74713767418734,300.2657925404933,299.02380291811284
2019052018,298.8946359973853,301.6846414851009,301.3786152421463,295.42898815509466,297.026683605325,290.07352890339
2019052100,296.22982306360564,300.2657925404933,300.87188347621503,294.6798200148748,295.8125145504858,290.97769734848293
2019052106,303.07765704556283,301.9191291258063,301.84560334016135,299.31790606069256,298.98008488340514,302.6066945807561
2019052112,301.03085814787977,302.36624538986325,301.86944954091115,297.74405681121203,297.74405681121203,300.55592131628146
2019052118,297.8036723130862,302.3940659574046,302.27284777026034,294.17706261573517,295.2819365838048,290.09141355395224
2019052200,295.48264210678155,301.07258899919174,300.2081642220149,293.8014849539273,295.4130906879282,288.90109069986266
2019052206,300.07899730128736,300.00547151564234,299.73918894060404,298.47335311747383,298.0381599537917,297.03463233890824
2019052212,298.648225256305,302.26489903667704,302.0999628148249,295.59193719355096,295.84232230142294,294.02206231086205
2019052218,296.174181928523,301.4819487787284,302.40002750759203,292.88936777525106,293.24904796989244,289.6065408053749
2019052300,296.0569381081703,300.8917553101732,301.67669275151763,293.4636637766398,294.75533298391554,289.5449381201048
2019052306,304.3792621698176,301.51771807985284,301.36271777497984,298.9979695339673,301.41041017647916,298.19912180885217
2019052312,300.68508823700904,300.94342207846415,300.7705371230288,299.1191877211117,299.8922020620813,296.517964655998
2019052318,296.19405376248113,301.58726949870623,302.11188591519976,295.11103881176535,296.537836489956,293.07815019785284
2019052400,297.40822281732034,300.3731004438671,301.04476843165037,294.7533458005197,296.89751668459735,292.59923899946295
2019052406,305.26952033114,302.08803971445,302.2668862200728,301.46207694477033,304.62368572750216,298.59655848801395
2019052412,300.28765155784725,302.68816909998435,302.5113097777573,298.15937814093604,299.31591887729667,296.88956795101416
2019052418,298.36207084730853,301.51970526324874,302.29271960421835,295.1547568464731,296.756426663495,292.53167476400546
2019052500,297.2850174467802,300.5539341328856,302.0641935137004,294.3022551696711,297.1439274256777,293.1298169661439
2019052506,305.4106103522424,301.7025261356631,301.58726949870623,301.4660513115619,304.52830092450324,300.38303636084606
2019052512,303.5486195103695,302.4854763936118,302.46361737625784,299.92797136320587,302.3443863725094,298.12360883981154
2019052518,300.25784380691016,302.660348532443,302.4020146909878,296.2417461639805,298.564763553681,293.94257497502974
2019052600,298.74758442609544,300.5420110325108,301.8932957416608,295.3673854698246,298.49521213482774,293.3563558732661
2019052606,306.98445960172296,300.8361141750905,301.8893213748692,301.8793854578901,305.66496982690586,300.73476782190426
2019052612,305.8656753498826,302.64643824867227,302.82329757089934,299.5961117361058,301.859513623932,298.22694237639354
2019052618,298.7118151249709,302.60470739736036,301.90720602543144,295.61379621090487,298.8211102117404,292.2892383897168
2019052700,296.8200165321609,301.81380840582835,300.24194633974366,294.5645633779178,297.24328659546813,291.3532750102908
2019052706,304.63560882787687,301.83765460657816,301.9668215273057,300.67515232002995,302.0920140812416,294.10949838027767
2019052712,302.078103797471,301.49188469570737,301.5832951319146,298.5429045363271,299.1768160395901,293.25302233668407
2019052718,297.65065919160895,300.3373311427425,301.97278307749315,295.727065664466,296.88559358422265,291.29962105860403
2019052800,297.5473256550269,301.32694847385534,300.44066467932447,294.417511806628,296.12052797683623,291.538083066101
2019052806,303.43535005680843,301.26733297198103,301.4044486262918,300.14258716995323,300.93746052827674,295.3594367362414
2019052812,300.4963058144072,301.90124447524397,301.30111508970975,297.59501805652627,299.06950813621637,293.23315050272595
2019052818,297.5175179040898,301.3726536919589,301.32496129045944,295.8125145504858,297.67053102556713,290.58224785271705
2019052900,296.62527255937164,300.86790910942335,300.6354086521138,294.9003973718096,296.6610418604962,289.7973104113725
2019052906,299.6279066704388,300.14258716995323,300.78246022340363,295.0355258427245,297.5095691705065,296.2954001156673
2019052912,298.43957099974506,301.3189997402721,301.83964178997394,294.137318947819,295.51642422451033,294.27443460212976
2019052918,296.56565705749733,301.6647696511428,301.93303940957696,294.16911388215186,295.64161677844623,291.6374422358915
2019053000,296.8359139993273,301.77406473791217,301.6568209175595,294.6341147967712,296.3232206832086,292.05077638221974
2019053006,302.7716308026083,302.19336043442786,302.17547578386564,297.7162362436706,298.471365934078,297.9010442994809
2019053012,298.7913024608032,302.6623357158388,302.5530406290693,296.2278358802098,297.05251698947046,293.3543686898703
2019053018,296.36892590131225,300.6214983683432,301.5614361145607,294.0677675289656,295.86020695198516,290.31795246107436
2019053100,295.9436686546092,301.61111569945587,302.19336043442786,293.9743699093627,296.1086048764613,287.65711389408636
2019053106,301.5813079485188,302.20130916801116,302.8193232041077,296.6848880612459,295.95360457158824,289.5230791027509
2019053112,297.0505298060747,302.94054139125205,302.84714377164903,294.24661403458845,295.14879529628564,290.05961861961936
2019053118,295.65751424561273,301.97675744428483,300.81226797434084,293.1794965510391,294.36783222173284,289.28660427864963
2019060100,295.6495655120295,301.5117565296655,301.6747055681218,292.96885511108337,294.1591779651729,288.5851285399292
2019060106,299.80675317606153,302.5550278124652,300.68508823700904,294.5546274609388,296.0827714923158,291.5996857513711
2019060112,296.6153366423925,303.10746479650004,302.44970709248724,293.77167720299013,294.8944358216221,288.51160275428424
2019060118,295.1170003619527,301.27726888896007,300.30951057520116,292.2395588048216,293.4497534928692,287.3053824330283
2019060200,294.958025690288,301.16399943539903,301.7541929039542,291.9553915792209,293.37225334043256,287.8399347665008
2019060206,301.05867871542114,302.23310410234416,302.06816788049196,295.3177058849294,296.5159774726021,295.955591754984
2019060212,298.86880261323984,302.34041200571784,301.7601544541416,296.59745199183027,296.84386273291057,294.46917857491906
2019060218,296.7166829955788,302.2410528359273,302.3046427045932,293.95052370861293,294.42943490700287,289.7754513940186
2019060300,295.53629605846834,301.48592314551996,302.2688734034686,294.2803961523172,295.59591156034264,289.34820696391967
2019060306,303.29823440249766,302.62656641471426,301.1361788678576,298.0063650194587,303.06970831197964,298.9959823505715
2019060312,301.93701377636864,302.29271960421835,301.44021792741637,298.74758442609544,300.414831295179,296.4484132371446
2019060318,296.72661891255785,301.3666921417715,302.1993219846153,294.8686024374766,297.0704016400328,291.4844291144142
2019060400,298.3024553454343,301.45810257797865,301.2653457885852,294.43142209039866,297.3207867479047,291.25987739068785
2019060406,303.85663293671985,301.67867993491336,301.3806024255421,301.00502476373424,304.49451880677447,297.15187615926095
2019060412,300.48040834724065,303.1134263466874,302.7915026365664,297.4579024022155,299.67758625533395,293.88892102334285
2019060418,297.98251881870897,300.31149775859694,301.82771868959907,293.81539523769794,297.1081581245532,291.70301928795317
2019060500,297.02469642192915,301.32694847385534,300.37111326047125,293.7557797358237,296.3907849186662,291.7526988728484
2019060506,303.0677211285838,300.78444740679953,300.10284350203705,297.47976141956934,302.16553986688666,298.89662318078115
2019060512,299.87034304472735,301.29714072291813,300.1008563186412,297.20155574415617,300.5102160981778,296.35898998433316
2019060518,298.28258351147616,299.9398944635807,299.5027141165028,294.23667811760936,298.51309678539,292.08853286674014
2019060600,297.96860853493837,300.91361432752706,300.74669092227913,294.6579609975209,298.10373700585336,292.27930247273775
2019060606,303.969902390281,300.13662561976577,299.66566315495913,301.14214041804513,304.86810928518656,298.07591643831205
2019060612,300.1882923880568,301.2375252210439,301.05867871542114,298.20707054243536,301.3448331244176,297.4141843675077
2019060618,298.4077760654121,299.9458560137681,300.41284411178316,295.49257802376064,298.2786091446845,293.16359908387267
2019060700,297.64469764142154,299.3616240954004,299.7570735911663,295.2501416494719,297.86328781496053,292.8317394567726
2019060706,304.1547104460912,300.6970113373838,300.70496007096716,300.80034487396586,303.9818254906558,299.04764911886264
2019060712,300.7904089569869,300.5698316000521,301.65483373416373,299.0754696864039,301.7899622050787,297.51155635390234
2019060718,298.24283984356003,300.3472670597215,300.19226675484845,294.42943490700287,297.525466637673,292.754239304336
2019060800,297.6804669425461,299.9041251624562,300.4684852468658,295.2024492479725,298.27463477789286,293.19539401820566
2019060806,303.4572090741624,300.0233561662047,300.63739583550966,300.3929722778252,303.93413308915643,300.3492542431173
2019060812,300.33136959255506,301.61310288285176,301.20970465350257,299.0754696864039,302.1834245174489,297.1995685607604
2019060818,298.74162287590804,300.29758747482634,300.75861402265394,296.03110472402483,298.35014774693366,293.33847122270384
2019060900,298.76149470986616,301.8535520737446,301.85553925714044,296.18213066210626,299.1907263233608,293.91674159088416
2019060906,306.05048340569283,300.55790849967724,300.5837418838228,301.9807318110764,305.68086729407236,301.08848646635823
2019060912,302.85707968862806,301.15605070181573,300.34527987632566,301.02887096448393,304.1765694634451,297.42412028448683
2019060918,301.01098631392165,301.8515648903488,302.1536167665118,296.8637345668687,300.96528109581806,293.5491126626596
2019061000,299.92797136320587,300.71887035473776,302.32054017175966,296.67097777747523,299.9597662975388,293.64847183245
2019061006,305.82990604875806,301.5395770972068,302.5748996464232,302.77560516939985,307.2368318929906,300.7526524724665
2019061012,303.8963766046361,300.44066467932447,303.1114391632916,300.1843180212652,303.1432340976245,298.5011736850152
2019061018,299.88226614510234,301.2395124044397,301.05867871542114,296.58155452466383,300.01540743262143,293.84520298863515
2019061100,298.50912241859834,300.1882923880568,300.98912729656774,295.57206535959295,298.7455972426996,293.7418694520531
2019061106,304.29580046719366,301.6866286684967,302.10989873180387,300.4823955306365,303.7115685488258,302.38810440721716
2019061112,302.1953476178237,302.54310471209027,302.8411822214616,299.76104795795794,302.5927842969855,298.93437966530144
2019061118,299.1966878735482,302.45169427588297,302.75573333544185,296.7524522967034,299.83457374360285,294.0041776602998
2019061200,299.07348250300805,301.87739827449434,301.57335921493564,296.56963142428896,299.7431633073957,293.88295947315544
2019061206,305.47817458769987,301.45810257797865,302.7497717852544,302.5649637294442,306.9467031172026,302.0999628148249
2019061212,302.5311816117154,302.6146433143394,302.7318871346921,299.54245778441896,302.01252674540933,295.5382832418642
2019061218,299.22450844108954,302.7398358682753,302.6623357158388,296.27155391491766,299.87431741151903,292.01301989769934
2019061300,299.6418169542094,301.3130381900846,302.47752766002856,295.61379621090487,298.7138023083667,292.162058652385
2019061306,301.95489842693087,302.3861172238214,303.03195182745924,301.3189997402721,304.3295825849224,297.7877748459198
2019061312,301.32694847385534,302.78355390298316,303.0915673293335,298.1335447567905,301.225602120669,294.62616606318795
2019061318,298.3660452141001,302.10592436501236,302.6961178335676,295.91386090367206,299.87431741151903,293.503407444556
2019061400,297.7162362436706,301.4660513115619,301.9588727937225,295.54623197544737,299.01982855132115,292.97084229447916
2019061406,302.78951545317057,301.3388715742301,302.77361798600407,299.500726933107,303.8625944869073,297.5135435372982
2019061412,300.4108569283874,302.3741941234465,303.15118283120773,298.1096985560408,300.5539341328856,295.6535398788211
2019061418,298.0639933379372,302.33246327213453,302.93656702446043,296.537836489956,298.96617459963437,292.98475257824987
2019061500,298.62040468876364,301.3468203078133,302.3722069400507,296.58751607485124,299.1768160395901,293.4418047592859
2019061506,304.16265917967445,302.01252674540933,302.9703491421892,300.9195758777145,304.57201895921105,298.61444313857623
2019061512,301.19380718633613,302.6066945807561,303.1114391632916,299.5663039851686,303.15317001460363,297.58508213954724
2019061518,298.5806610208475,302.1635526834908,302.1873988842405,296.34110533377094,299.8922020620813,293.7955234037399
2019061600,299.365598462192,302.82329757089934,303.2684266515605,296.5000800054357,299.87431741151903,293.014560329187
2019061606,304.43887767169184,303.0299646440634,303.3816961051216,300.53207511553177,304.91182731989437,298.4336094495576
2019061612,302.65239979885973,301.7601544541416,303.3220806032473,299.1231620879033,302.28675805403094,295.6118090275092
2019061618,299.0794440531955,300.46451088007433,300.59765216759337,295.69527073013313,300.12867688618263,292.93109862656297
2019061700,298.7773921770325,301.0765633659834,301.7124620526422,296.1721947451272,299.35168817842134,293.03443216314514
2019061706,304.7369551810632,301.93502659297275,302.8610540554197,300.8142551577366,303.64797868015995,299.6020732862932
2019061712,300.99508884675515,301.3786152421463,301.8972701084524,298.68200737403373,299.94784319716393,295.65155269542527
2019061718,296.73059327934953,301.7223979696212,302.1536167665118,295.40116758755335,297.91694176664737,293.29077882120436
2019061800,297.5473256550269,299.8464968439777,302.9325926576688,295.79264271652767,298.38790423145406,293.3921251743907
2019061806,301.5157308964571,300.86790910942335,301.0089991305258,298.4971993182235,301.41835891006247,298.58662257103487
2019061812,299.0098926343422,300.94739644525583,301.6270131666224,296.9352731691178,299.1092518041326,294.49898632585615
2019061818,298.23290392658095,299.916048262831,300.4585493298868,295.75091186521576,297.66456947537966,292.59327744927555
2019061900,298.05008305416646,301.2891919893349,301.34085875762594,295.5422576086558,297.74405681121203,293.33052248912065
2019061906,304.2202874981529,301.6329747168098,302.2847708706351,300.32739522576344,302.92066955729393,297.1141196747405
2019061912,299.8206634598322,302.16951423367817,302.9286182908772,297.93681360060543,299.4570088983992,296.27751546510507
2019061918,298.74957160949117,301.984706177868,302.64643824867227,295.8800787859433,297.7738645621492,292.7045597194408
2019062000,299.011879817738,301.2792560723558,301.5773335817272,296.299374482459,298.61643032197213,293.4457791260775
2019062006,304.28586455021457,301.6945774020799,300.71290880455035,300.6354086521138,304.54419839166974,299.1112389875284
2019062012,302.6981050169634,301.57335921493564,301.30310227310554,300.70893443775867,303.0875929625418,297.9447623341887
2019062018,299.8464968439777,301.7522057205584,301.64092345039313,297.08828629059514,298.7873280940116,293.43186884230687
2019062100,299.53252186743987,300.68111387021736,301.7621416375374,297.3346970316754,299.56034243498124,293.99424174332074
2019062106,306.8950363489116,301.0248965976923,300.6870754204048,302.75573333544185,307.5746530702782,300.9791913795887
2019062112,303.37772173833,302.2788093204477,301.9250906759937,301.77803910470385,304.5183650075242,299.31393169390094
2019062118,300.10483068543283,302.11188591519976,302.1476552163243,297.92290331683483,301.1441276014409,294.7970638352275
2019062200,299.687522172313,300.2558566235143,300.06906138430827,297.6109155236928,300.3512414265131,294.46520420812743
2019062206,307.63426857215245,301.12028140069117,300.2936131080346,303.5665041609318,308.4132444633095,301.6985517688716
2019062212,304.97740437195614,302.04630886313805,302.08803971445,302.72989995129626,305.3430461167849,300.4545749630952
2019062218,301.6309875334141,301.0229094142965,300.3611773434922,298.28258351147616,300.8957296769648,295.0196283755581
2019062300,300.051176733746,301.0666274490044,299.99752278205915,297.5513000218185,299.906112345852,294.0936009131112
2019062306,306.00676537098497,300.47245961365746,299.81271472624894,302.1953476178237,304.9595197213938,297.4618767690071
2019062312,302.58483556340224,300.1505359035365,301.0129734973175,299.59809891950164,300.77451148982044,292.7661624047109
2019062318,300.43867749592874,299.96771503112205,300.6890626038006,296.24770771416786,298.7396356925122,291.81231437472263
2019062400,298.23290392658095,300.64733175248864,301.2136790202942,295.27001348343,297.86924936514794,291.80436564113944
2019062406,300.6532933026761,299.72726584022917,299.8445096605819,295.446872805657,299.063546586029,295.84629666821456
2019062412,298.66412272347145,301.7263723364128,302.07214224728364,296.4603363375195,298.78335372722,294.49103759227296
2019062418,297.12802995851126,302.2847708706351,302.1456680329285,295.27398785022166,297.80168512969044,292.7144956364199
2019062500,297.1379658754903,301.57534639833136,301.11034548371214,295.1726414970354,297.930852050418,292.4303284108192
2019062506,302.4795148434244,300.6056009011767,301.0864992829624,298.99200798377984,301.7343210699961,295.2044364313683
2019062512,301.01098631392165,301.0487427984421,301.08848646635823,298.37796831447497,301.43028201043734,292.982765394854
2019062518,297.8473903477941,300.2995746582221,301.32893565725107,294.771230451082,298.47732748426534,292.3130845904665
2019062600,297.9010442994809,300.73675500530004,301.3368843908343,295.2541160162636,298.6343149725343,292.1779561195515
2019062606,303.17502903195754,300.8857937599857,300.1386128031616,299.365598462192,304.08515902723786,295.3395649022833
2019062612,300.82617825811144,301.59323104889364,302.2430400193232,298.2686732277055,302.1834245174489,295.1607183966605
2019062618,296.6153366423925,300.48438271403234,302.49143794379916,295.5859756433636,299.63784258741777,292.84366255714747
2019062700,298.18521152508146,300.24989507332685,301.4203460934583,296.0569381081703,299.2384187248602,292.70654690283664
2019062706,304.8919554859363,301.6071413326643,301.75021853716254,300.91361432752706,305.44637965336693,298.6104687717846
2019062712,301.9866933612638,301.7005389522673,302.10989873180387,299.3934190297333,302.7775923527957,297.6864284927335
2019062718,299.105277437341,300.13463843637,300.2558566235143,296.7405291963285,300.84207572527794,293.53321519549314
2019062800,300.24194633974366,301.4879103289158,301.984706177868,296.92136288534715,300.11277941901614,293.149688800102
2019062806,306.0683680562551,301.46207694477033,302.7716308026083,301.9986164616387,307.13945990659613,299.49675256631537
2019062812,302.2430400193232,301.8535520737446,302.7597077022334,299.916048262831,302.98823379275143,298.4475197333283
2019062818,299.89816361226866,302.33842482232194,302.4397711755082,297.525466637673,301.7581672707458,294.0359725946327
2019062900,300.4585493298868,301.61111569945587,302.70207938375495,296.75443948009917,300.9513708120474,293.2291761359343
2019062906,305.0270839568513,301.32694847385534,302.7934898199622,300.93547334488096,305.32913583301416,297.2651456128221
2019062912,301.9648343439099,301.70650050245473,302.69214346677586,299.2741880259848,302.49541231059084,293.75379255242785
2019062918,296.65706749370463,302.35829665628006,302.09797563142916,294.9699487906629,298.3998273318289,292.0249429980742
2019063000,297.62283862406764,300.99310166335937,302.2768221370519,293.89885694032193,296.5139902892064,290.37756796294866
2019063006,301.90124447524397,301.6667568345385,303.13131099724967,297.8414287976066,300.9295117946935,291.6910961875783
2019063012,299.25034182523507,302.62656641471426,302.8650284222113,297.3962997169454,299.6259194870429,292.74827775414866
2019063018,297.59501805652627,300.19425393824423,302.4437455422998,295.5521935256348,298.3322630963714,291.122761736377
